source_pdf,page,photo_number,filename,label,genus,extra_metadata
Dataset_pieridae.pdf,9,1,images\Dataset_pieridae\001_Dismorphia_altis_altis.png,Dismorphia altis altis,Dismorphia,Reserva Las Tangaras El Carmen de | Atrato  Chocó - CocE
Dataset_pieridae.pdf,9,2,images\Dataset_pieridae\002_Dismorphia_altis_altis.png,Dismorphia altis altis,Dismorphia,Carretera Montezuma - PNN Tatamá | Pueblo Rico  Risaralda - CocE
Dataset_pieridae.pdf,9,3,images\Dataset_pieridae\003_Dismorphia_altis_sophia.png,Dismorphia altis sophia,Dismorphia,Santuario de F y F Otún Quimbaya | Pereira  Risaralda - Cce
Dataset_pieridae.pdf,9,4,images\Dataset_pieridae\004_Dismorphia_amphione.png,Dismorphia amphione,Dismorphia,Guaracu San Jerónimo  Antioquia - CceO | 6
Dataset_pieridae.pdf,9,5,images\Dataset_pieridae\005_Dismorphia_amphione.png,Dismorphia amphione,Dismorphia,Hacienda Farias Concordia  Antioquia - | Cce
Dataset_pieridae.pdf,9,6,images\Dataset_pieridae\006_Dismorphia_amphione.png,Dismorphia amphione,Dismorphia,- -  - - -
Dataset_pieridae.pdf,9,7,images\Dataset_pieridae\007_Dismorphia_arcadia_arcadia.png,Dismorphia arcadia arcadia,Dismorphia,- -  - - -
Dataset_pieridae.pdf,9,8,images\Dataset_pieridae\008_Dismorphia_arcadia_lucilla.png,Dismorphia arcadia lucilla,Dismorphia,- -  - - -
Dataset_pieridae.pdf,10,9,images\Dataset_pieridae\009_Dismorphia_crisia_foedora.png,Dismorphia crisia foedora,Dismorphia,Hacienda Farias Concordia  Antioquia - | Cce
Dataset_pieridae.pdf,10,10,images\Dataset_pieridae\010_Dismorphia_crisia_foedora.png,Dismorphia crisia foedora,Dismorphia,- -  - - -
Dataset_pieridae.pdf,10,11,images\Dataset_pieridae\011_Dismorphia_crisia_foedora.png,Dismorphia crisia foedora,Dismorphia,Hacienda Farias Concordia  Antioquia - | Cce
Dataset_pieridae.pdf,10,12,images\Dataset_pieridae\012_Dismorphia_crisia_foedora.png,Dismorphia crisia foedora,Dismorphia,Pueblito de San Jose Amagá  Antioquia - | CceO
Dataset_pieridae.pdf,10,13,images\Dataset_pieridae\013_Dismorphia_crisia_foedora.png,Dismorphia crisia foedora,Dismorphia,- -  - - -
Dataset_pieridae.pdf,10,14,images\Dataset_pieridae\014_Dismorphia_crisia_foedora.png,Dismorphia crisia foedora,Dismorphia,Hacienda Farias Concordia  Antioquia - | Cce
Dataset_pieridae.pdf,10,15,images\Dataset_pieridae\015_Dismorphia_crisia_foedora.png,Dismorphia crisia foedora,Dismorphia,Vereda Paso Nivel - Finca Zanzibar | Amagá  Antioquia - Cce
Dataset_pieridae.pdf,10,16,images\Dataset_pieridae\016_Dismorphia_crisia_foedora.png,Dismorphia crisia foedora,Dismorphia,Hacienda Farias Concordia  Antioquia - | Cce
Dataset_pieridae.pdf,10,17,images\Dataset_pieridae\017_Dismorphia_crisia_foedora.png,Dismorphia crisia foedora,Dismorphia,Vereda Paso Nivel - Finca Zanzibar | Amagá  Antioquia - Cce
Dataset_pieridae.pdf,10,18,images\Dataset_pieridae\018_Dismorphia_crisia_foedora.png,Dismorphia crisia foedora,Dismorphia,- -  - - - | Mariposas de Colombia - ButterflyBase-JGJ
Dataset_pieridae.pdf,10,19,images\Dataset_pieridae\019_Dismorphia_crisia_foedora.png,Dismorphia crisia foedora,Dismorphia,Municipio Jardín - Fundación Colibrí | Jardín  Antioquia - Cce
Dataset_pieridae.pdf,10,20,images\Dataset_pieridae\020_Dismorphia_crisia_foedora.png,Dismorphia crisia foedora,Dismorphia,- -  - - -
Dataset_pieridae.pdf,11,21,images\Dataset_pieridae\021_Dismorphia_crisia_interrupta.png,Dismorphia crisia interrupta,Dismorphia,Carretera Montezuma - PNN Tatamá | Pueblo Rico  Risaralda - CocE
Dataset_pieridae.pdf,11,22,images\Dataset_pieridae\022_Dismorphia_crisia_interrupta.png,Dismorphia crisia interrupta,Dismorphia,Carretera Montezuma - PNN Tatamá | Pueblo Rico  Risaralda - CocE
Dataset_pieridae.pdf,11,23,images\Dataset_pieridae\023_Dismorphia_crisia_interrupta.png,Dismorphia crisia interrupta,Dismorphia,Carretera Montezuma - PNN Tatamá | Pueblo Rico  Risaralda - CocE
Dataset_pieridae.pdf,11,24,images\Dataset_pieridae\024_Dismorphia_crisia_interrupta.png,Dismorphia crisia interrupta,Dismorphia,Carretera Montezuma - PNN Tatamá | Pueblo Rico  Risaralda - CocE
Dataset_pieridae.pdf,11,25,images\Dataset_pieridae\025_Dismorphia_crisia_interrupta.png,Dismorphia crisia interrupta,Dismorphia,Carretera Montezuma - PNN Tatamá | Pueblo Rico  Risaralda - CocE
Dataset_pieridae.pdf,11,26,images\Dataset_pieridae\026_Dismorphia_crisia_tolimensis.png,Dismorphia crisia tolimensis,Dismorphia,Pueblito de San Jose Amagá  Antioquia - | CceO
Dataset_pieridae.pdf,11,27,images\Dataset_pieridae\027_Dismorphia_crisia_tolimensis.png,Dismorphia crisia tolimensis,Dismorphia,- -  - - - | EC
Dataset_pieridae.pdf,11,28,images\Dataset_pieridae\028_Dismorphia_crisia_tolimensis.png,Dismorphia crisia tolimensis,Dismorphia,Pueblito de San Jose Amagá  Antioquia - | CceO
Dataset_pieridae.pdf,11,29,images\Dataset_pieridae\029_Dismorphia_hippotas_diana.png,Dismorphia hippotas diana,Dismorphia,- -  - - -
Dataset_pieridae.pdf,11,30,images\Dataset_pieridae\030_Dismorphia_hippotas_hippotas.png,Dismorphia hippotas hippotas,Dismorphia,- -  - - - | Mariposas de Colombia - ButterflyBase-JGJ
Dataset_pieridae.pdf,11,31,images\Dataset_pieridae\031_Dismorphia_hyposticta_hyposticta.png,Dismorphia hyposticta hyposticta,Dismorphia,- -  - - -
Dataset_pieridae.pdf,11,32,images\Dataset_pieridae\032_Dismorphia_hyposticta_hyposticta.png,Dismorphia hyposticta hyposticta,Dismorphia,Reserva La Romera Sabaneta  Antioquia - | Cce
Dataset_pieridae.pdf,12,33,images\Dataset_pieridae\033_Dismorphia_hyposticta_hyposticta.png,Dismorphia hyposticta hyposticta,Dismorphia,- -  - - -
Dataset_pieridae.pdf,12,34,images\Dataset_pieridae\034_Dismorphia_hyposticta_manuelita.png,Dismorphia hyposticta manuelita,Dismorphia,Carretera Montezuma - PNN Tatamá | Pueblo Rico  Risaralda - CocE
Dataset_pieridae.pdf,12,35,images\Dataset_pieridae\035_Dismorphia_hyposticta_manuelita.png,Dismorphia hyposticta manuelita,Dismorphia,- -  - - -
Dataset_pieridae.pdf,12,36,images\Dataset_pieridae\036_Dismorphia_hyposticta_manuelita.png,Dismorphia hyposticta manuelita,Dismorphia,- -  - - -
Dataset_pieridae.pdf,12,37,images\Dataset_pieridae\037_Dismorphia_hyposticta_manuelita.png,Dismorphia hyposticta manuelita,Dismorphia,- -  - - -
Dataset_pieridae.pdf,12,38,images\Dataset_pieridae\038_Dismorphia_hyposticta_manuelita.png,Dismorphia hyposticta manuelita,Dismorphia,- -  - - -
Dataset_pieridae.pdf,12,39,images\Dataset_pieridae\039_Dismorphia_hyposticta_manuelita.png,Dismorphia hyposticta manuelita,Dismorphia,- -  - - -
Dataset_pieridae.pdf,12,40,images\Dataset_pieridae\040_Dismorphia_lelex_valeria.png,Dismorphia lelex valeria,Dismorphia,Carretera Montezuma - PNN Tatamá | Pueblo Rico  Risaralda - CocE
Dataset_pieridae.pdf,12,41,images\Dataset_pieridae\041_Dismorphia_lelex_valeria.png,Dismorphia lelex valeria,Dismorphia,Carretera Montezuma - PNN Tatamá | Pueblo Rico  Risaralda - CocE
Dataset_pieridae.pdf,12,42,images\Dataset_pieridae\042_Dismorphia_lelex_valeria.png,Dismorphia lelex valeria,Dismorphia,Carretera Montezuma - PNN Tatamá | Pueblo Rico  Risaralda - CocE
Dataset_pieridae.pdf,12,43,images\Dataset_pieridae\043_Dismorphia_lelex_valeria.png,Dismorphia lelex valeria,Dismorphia,Carretera Montezuma - PNN Tatamá | Pueblo Rico  Risaralda - CocE
Dataset_pieridae.pdf,12,44,images\Dataset_pieridae\044_Dismorphia_lewyi.png,Dismorphia lewyi,Dismorphia,- -  - - -
Dataset_pieridae.pdf,13,45,images\Dataset_pieridae\045_Dismorphia_lewyi_dolorita.png,Dismorphia lewyi dolorita,Dismorphia,Carretera Montezuma - PNN Tatamá | Pueblo Rico  Risaralda - CocE
Dataset_pieridae.pdf,13,46,images\Dataset_pieridae\046_Dismorphia_lewyi_dolorita.png,Dismorphia lewyi dolorita,Dismorphia,Santuario de F y F Otún Quimbaya | Pereira  Risaralda - Cce
Dataset_pieridae.pdf,13,47,images\Dataset_pieridae\047_Dismorphia_lewyi_dolorita.png,Dismorphia lewyi dolorita,Dismorphia,Santuario de F y F Otún Quimbaya | Pereira  Risaralda - Cce
Dataset_pieridae.pdf,13,48,images\Dataset_pieridae\048_Dismorphia_lewyi_dolorita.png,Dismorphia lewyi dolorita,Dismorphia,Carretera Montezuma - PNN Tatamá | Pueblo Rico  Risaralda - CocE
Dataset_pieridae.pdf,13,49,images\Dataset_pieridae\049_Dismorphia_lewyi_dolorita.png,Dismorphia lewyi dolorita,Dismorphia,Santuario de F y F Otún Quimbaya | Pereira  Risaralda - Cce
Dataset_pieridae.pdf,13,50,images\Dataset_pieridae\050_Dismorphia_lewyi_dolorita.png,Dismorphia lewyi dolorita,Dismorphia,Santuario de F y F Otún Quimbaya | Pereira  Risaralda - Cce
Dataset_pieridae.pdf,13,51,images\Dataset_pieridae\051_Dismorphia_lua_id_ae.png,Dismorphia lua id.ae,Dismorphia,Carretera Montezuma - PNN Tatamá | Pueblo Rico  Risaralda - CocE
Dataset_pieridae.pdf,13,52,images\Dataset_pieridae\052_Dismorphia_lua_id_ae.png,Dismorphia lua id.ae,Dismorphia,- -  - - - | 54
Dataset_pieridae.pdf,13,53,images\Dataset_pieridae\053_Dismorphia_lua_id_ae.png,Dismorphia lua id.ae,Dismorphia,Carretera Montezuma - PNN Tatamá | Pueblo Rico  Risaralda - CocE
Dataset_pieridae.pdf,13,54,images\Dataset_pieridae\054_Dismorphia_lua_id_ae.png,Dismorphia lua id.ae,Dismorphia,Quebrada El Viao Cocorná  Antioquia - | CceE
Dataset_pieridae.pdf,13,55,images\Dataset_pieridae\055_Dismorphia_lua_id_ae.png,Dismorphia lua id.ae,Dismorphia,Reserva natural de las aves Arrierito | Antioqueño (Piha) Anorí  Antioquia - Cce
Dataset_pieridae.pdf,13,56,images\Dataset_pieridae\056_Dismorphia_medora_medora.png,Dismorphia medora medora,Dismorphia,- -  - - -
Dataset_pieridae.pdf,14,57,images\Dataset_pieridae\057_Dismorphia_medora_medora.png,Dismorphia medora medora,Dismorphia,- -  - - -
Dataset_pieridae.pdf,14,58,images\Dataset_pieridae\058_Dismorphia_mirandola_discoloria.png,Dismorphia mirandola discoloria,Dismorphia,- -  - - -
Dataset_pieridae.pdf,14,59,images\Dataset_pieridae\059_Dismorphia_mirandola_discoloria.png,Dismorphia mirandola discoloria,Dismorphia,- -  - - -
Dataset_pieridae.pdf,14,60,images\Dataset_pieridae\060_Dismorphia_mirandola_discoloria.png,Dismorphia mirandola discoloria,Dismorphia,Parcelación El Tambo La Ceja  Antioquia - | Cce
Dataset_pieridae.pdf,14,61,images\Dataset_pieridae\061_Dismorphia_mirandola_discoloria.png,Dismorphia mirandola discoloria,Dismorphia,- -  - - -
Dataset_pieridae.pdf,14,62,images\Dataset_pieridae\062_Dismorphia_sp_x_gris.png,Dismorphia sp x gris,Dismorphia,- -  - - - | 64
Dataset_pieridae.pdf,14,63,images\Dataset_pieridae\063_Dismorphia_sp_x_otra.png,Dismorphia sp x otra,Dismorphia,- -  - - -
Dataset_pieridae.pdf,14,64,images\Dataset_pieridae\064_Dismorphia_thermesia.png,Dismorphia thermesia,Dismorphia,- -  - - - | 66
Dataset_pieridae.pdf,14,65,images\Dataset_pieridae\065_Dismorphia_thermesia.png,Dismorphia thermesia,Dismorphia,- -  - - - | 67
Dataset_pieridae.pdf,14,66,images\Dataset_pieridae\066_Dismorphia_thermesia.png,Dismorphia thermesia,Dismorphia,Río Santodomingo Cocorná  Antioquia - | Cce
Dataset_pieridae.pdf,14,67,images\Dataset_pieridae\067_Dismorphia_thermesia.png,Dismorphia thermesia,Dismorphia,Río Santodomingo Cocorná  Antioquia - | Cce
Dataset_pieridae.pdf,14,68,images\Dataset_pieridae\068_Dismorphia_thermesia.png,Dismorphia thermesia,Dismorphia,Vereda Paso Nivel - Finca Zanzibar | Amagá  Antioquia - Cce
Dataset_pieridae.pdf,15,69,images\Dataset_pieridae\069_Dismorphia_theucharila_avonia.png,Dismorphia theucharila avonia,Dismorphia,Carretera Montezuma - PNN Tatamá | Pueblo Rico  Risaralda - CocE
Dataset_pieridae.pdf,15,70,images\Dataset_pieridae\070_Dismorphia_theucharila_avonia.png,Dismorphia theucharila avonia,Dismorphia,Carretera Montezuma - PNN Tatamá | Pueblo Rico  Risaralda - CocE
Dataset_pieridae.pdf,15,71,images\Dataset_pieridae\071_Dismorphia_theucharila_avonia.png,Dismorphia theucharila avonia,Dismorphia,Carretera Montezuma - PNN Tatamá | Pueblo Rico  Risaralda - CocE
Dataset_pieridae.pdf,15,72,images\Dataset_pieridae\072_Dismorphia_theucharila_avonia.png,Dismorphia theucharila avonia,Dismorphia,Carretera Montezuma - PNN Tatamá | Pueblo Rico  Risaralda - CocE
Dataset_pieridae.pdf,15,73,images\Dataset_pieridae\073_Dismorphia_theucharila_leuconoe.png,Dismorphia theucharila leuconoe,Dismorphia,- -  - - -
Dataset_pieridae.pdf,15,74,images\Dataset_pieridae\074_Dismorphia_theucharila_leuconoe.png,Dismorphia theucharila leuconoe,Dismorphia,Río Pepino Mocoa  Putumayo - CorE
Dataset_pieridae.pdf,15,75,images\Dataset_pieridae\075_Dismorphia_theucharila_leuconoe.png,Dismorphia theucharila leuconoe,Dismorphia,Río Pepino Mocoa  Putumayo - CorE
Dataset_pieridae.pdf,15,76,images\Dataset_pieridae\076_Dismorphia_theucharila_lysionides.png,Dismorphia theucharila lysionides,Dismorphia,- -  - - -
Dataset_pieridae.pdf,15,77,images\Dataset_pieridae\077_Dismorphia_theucharila_lysionides.png,Dismorphia theucharila lysionides,Dismorphia,Vereda Paso Nivel - Finca Zanzibar | Amagá  Antioquia - Cce
Dataset_pieridae.pdf,15,78,images\Dataset_pieridae\078_Dismorphia_theucharila_lysionides.png,Dismorphia theucharila lysionides,Dismorphia,- -  - - - | Mariposas de Colombia - ButterflyBase-JGJ
Dataset_pieridae.pdf,15,79,images\Dataset_pieridae\079_Dismorphia_theucharila_lysionides.png,Dismorphia theucharila lysionides,Dismorphia,- -  - - -
Dataset_pieridae.pdf,15,80,images\Dataset_pieridae\080_Dismorphia_theucharila_lysionides.png,Dismorphia theucharila lysionides,Dismorphia,Vereda Paso Nivel - Finca Zanzibar | Amagá  Antioquia - Cce
Dataset_pieridae.pdf,16,81,images\Dataset_pieridae\081_Dismorphia_theucharila_xanthone.png,Dismorphia theucharila xanthone,Dismorphia,- -  - - - | EC
Dataset_pieridae.pdf,16,82,images\Dataset_pieridae\082_Dismorphia_theucharila_xanthone.png,Dismorphia theucharila xanthone,Dismorphia,- -  - - -
Dataset_pieridae.pdf,16,83,images\Dataset_pieridae\083_Dismorphia_zaela_zaela.png,Dismorphia zaela zaela,Dismorphia,Carretera Montezuma - PNN Tatamá | Pueblo Rico  Risaralda - CocE
Dataset_pieridae.pdf,16,84,images\Dataset_pieridae\084_Dismorphia_zaela_zaela.png,Dismorphia zaela zaela,Dismorphia,- -  - - -
Dataset_pieridae.pdf,16,85,images\Dataset_pieridae\085_Dismorphia_zaela_zaela.png,Dismorphia zaela zaela,Dismorphia,Carretera Montezuma - PNN Tatamá | Pueblo Rico  Risaralda - CocE
Dataset_pieridae.pdf,16,86,images\Dataset_pieridae\086_Dismorphia_zaela_zaela.png,Dismorphia zaela zaela,Dismorphia,Carretera Montezuma - PNN Tatamá | Pueblo Rico  Risaralda - CocE
Dataset_pieridae.pdf,16,87,images\Dataset_pieridae\087_Dismorphia_zaela_zaela.png,Dismorphia zaela zaela,Dismorphia,Carretera Montezuma - PNN Tatamá | Pueblo Rico  Risaralda - CocE
Dataset_pieridae.pdf,16,88,images\Dataset_pieridae\088_Dismorphia_zaela_zaela.png,Dismorphia zaela zaela,Dismorphia,Carretera Montezuma - PNN Tatamá | Pueblo Rico  Risaralda - CocE
Dataset_pieridae.pdf,16,89,images\Dataset_pieridae\089_Dismorphia_zathoe_othoe.png,Dismorphia zathoe othoe,Dismorphia,Carretera Montezuma - PNN Tatamá | Pueblo Rico  Risaralda - CocE
Dataset_pieridae.pdf,16,90,images\Dataset_pieridae\090_Dismorphia_zathoe_othoe.png,Dismorphia zathoe othoe,Dismorphia,Carretera Montezuma - PNN Tatamá | Pueblo Rico  Risaralda - CocE
Dataset_pieridae.pdf,16,91,images\Dataset_pieridae\091_Dismorphia_zathoe_othoe.png,Dismorphia zathoe othoe,Dismorphia,Carretera Montezuma - PNN Tatamá | Pueblo Rico  Risaralda - CocE
Dataset_pieridae.pdf,16,92,images\Dataset_pieridae\092_Dismorphia_zathoe_zathoe.png,Dismorphia zathoe zathoe,Dismorphia,- -  - - -
Dataset_pieridae.pdf,17,93,images\Dataset_pieridae\093_Enantia_albania_zoraida.png,Enantia albania zoraida,Enantia,Carretera Montezuma - PNN Tatamá | Pueblo Rico  Risaralda - CocE
Dataset_pieridae.pdf,17,94,images\Dataset_pieridae\094_Enantia_albania_zoraida.png,Enantia albania zoraida,Enantia,Carretera Montezuma - PNN Tatamá | Pueblo Rico  Risaralda - CocE
Dataset_pieridae.pdf,17,99,images\Dataset_pieridae\099_Enantia_melite_citrinella.png,Enantia melite citrinella,Enantia,Pueblito de San Jose Amagá  Antioquia - | CceO
Dataset_pieridae.pdf,17,100,images\Dataset_pieridae\100_Enantia_melite_citrinella.png,Enantia melite citrinella,Enantia,- -  - - -
Dataset_pieridae.pdf,17,101,images\Dataset_pieridae\101_Enantia_melite_citrinella.png,Enantia melite citrinella,Enantia,Guaracu San Jerónimo  Antioquia - CceO
Dataset_pieridae.pdf,17,102,images\Dataset_pieridae\102_Lieinix_nemesis_nemesis.png,Lieinix nemesis nemesis,Lieinix,Pueblito de San Jose Amagá  Antioquia - | CceO
Dataset_pieridae.pdf,17,103,images\Dataset_pieridae\103_Lieinix_nemesis_nemesis.png,Lieinix nemesis nemesis,Lieinix,- -  - - -
Dataset_pieridae.pdf,17,104,images\Dataset_pieridae\104_Lieinix_nemesis_nemesis.png,Lieinix nemesis nemesis,Lieinix,Reserva Las Tangaras El Carmen de | Atrato  Chocó - CocE
Dataset_pieridae.pdf,18,105,images\Dataset_pieridae\105_Lieinix_nemesis_nemesis.png,Lieinix nemesis nemesis,Lieinix,- -  - - -
Dataset_pieridae.pdf,18,106,images\Dataset_pieridae\106_Lieinix_nemesis_nemesis.png,Lieinix nemesis nemesis,Lieinix,Parcelación El Tambo La Ceja  Antioquia - | Cce
Dataset_pieridae.pdf,18,107,images\Dataset_pieridae\107_Lieinix_nemesis_nemesis.png,Lieinix nemesis nemesis,Lieinix,Parcelación El Tambo La Ceja  Antioquia - | Cce
Dataset_pieridae.pdf,18,108,images\Dataset_pieridae\108_Moschoneura_pinthous.png,Moschoneura pinthous,Moschoneura,Municipio de Mitú Mitú  Vaupés - Amz
Dataset_pieridae.pdf,18,109,images\Dataset_pieridae\109_Moschoneura_pinthous.png,Moschoneura pinthous,Moschoneura,Caño Cristales La Macarena  Meta - Amz | 111
Dataset_pieridae.pdf,18,110,images\Dataset_pieridae\110_Moschoneura_pinthous.png,Moschoneura pinthous,Moschoneura,Municipio de Mitú Mitú  Vaupés - Amz | 112
Dataset_pieridae.pdf,18,111,images\Dataset_pieridae\111_Moschoneura_pinthous.png,Moschoneura pinthous,Moschoneura,Varias Guaviare San José del Guaviare | Guaviare - Amz
Dataset_pieridae.pdf,18,112,images\Dataset_pieridae\112_Moschoneura_pinthous.png,Moschoneura pinthous,Moschoneura,Caño Cristales La Macarena  Meta - Amz | 114
Dataset_pieridae.pdf,18,113,images\Dataset_pieridae\113_Moschoneura_pinthous.png,Moschoneura pinthous,Moschoneura,Caño Cristales La Macarena  Meta - Amz | 115
Dataset_pieridae.pdf,18,114,images\Dataset_pieridae\114_Pseudopieris_nehemia.png,Pseudopieris nehemia,Pseudopieris,Sinifaná - La Holanda Titiribí  Antioquia - | CceO
Dataset_pieridae.pdf,18,115,images\Dataset_pieridae\115_Pseudopieris_nehemia.png,Pseudopieris nehemia,Pseudopieris,- -  - - -
Dataset_pieridae.pdf,18,116,images\Dataset_pieridae\116_Pseudopieris_nehemia.png,Pseudopieris nehemia,Pseudopieris,Carretera Montezuma - PNN Tatamá | Pueblo Rico  Risaralda - CocE
Dataset_pieridae.pdf,19,117,images\Dataset_pieridae\117_Pseudopieris_nehemia.png,Pseudopieris nehemia,Pseudopieris,Santa María Santa María  Boyacá - CorE
Dataset_pieridae.pdf,19,118,images\Dataset_pieridae\118_Pseudopieris_nehemia.png,Pseudopieris nehemia,Pseudopieris,Sinifaná - La Holanda Titiribí  Antioquia - | CceO
Dataset_pieridae.pdf,19,119,images\Dataset_pieridae\119_Pseudopieris_nehemia.png,Pseudopieris nehemia,Pseudopieris,Pueblito de San Jose Amagá  Antioquia - | CceO
Dataset_pieridae.pdf,19,120,images\Dataset_pieridae\120_Pseudopieris_viridula_viridula.png,Pseudopieris viridula viridula,Pseudopieris,Carretera Montezuma - PNN Tatamá | Pueblo Rico  Risaralda - CocE
Dataset_pieridae.pdf,19,121,images\Dataset_pieridae\121_Pseudopieris_viridula_viridula.png,Pseudopieris viridula viridula,Pseudopieris,Carretera Montezuma - PNN Tatamá | Pueblo Rico  Risaralda - CocE
Dataset_pieridae.pdf,20,122,images\Dataset_pieridae\122_Anteos_clorinde.png,Anteos clorinde,Anteos,- -  - - - | 124
Dataset_pieridae.pdf,20,123,images\Dataset_pieridae\123_Anteos_clorinde.png,Anteos clorinde,Anteos,Sinifaná - La Holanda Titiribí  Antioquia - | CceO
Dataset_pieridae.pdf,20,124,images\Dataset_pieridae\124_Anteos_clorinde.png,Anteos clorinde,Anteos,Humedal La Bramadora Sopetrán | Antioquia - CceO
Dataset_pieridae.pdf,20,125,images\Dataset_pieridae\125_Anteos_menippe.png,Anteos menippe,Anteos,- -  - - - | 524 m
Dataset_pieridae.pdf,20,126,images\Dataset_pieridae\126_Anteos_menippe.png,Anteos menippe,Anteos,Reserva Natural Mururito Puerto Gaitán | Meta - Orq
Dataset_pieridae.pdf,20,127,images\Dataset_pieridae\127_Anteos_menippe.png,Anteos menippe,Anteos,Guaracu San Jerónimo  Antioquia - CceO
Dataset_pieridae.pdf,20,128,images\Dataset_pieridae\128_Anteos_menippe.png,Anteos menippe,Anteos,Municipio de Mitú Mitú  Vaupés - Amz | 690 m
Dataset_pieridae.pdf,20,129,images\Dataset_pieridae\129_Anteos_menippe.png,Anteos menippe,Anteos,- -  - - - | 200 m
Dataset_pieridae.pdf,21,130,images\Dataset_pieridae\130_Anteos_menippe.png,Anteos menippe,Anteos,Guaracu San Jerónimo  Antioquia - CceO
Dataset_pieridae.pdf,21,131,images\Dataset_pieridae\131_Anteos_menippe.png,Anteos menippe,Anteos,690 m | Guaracu San Jerónimo  Antioquia - CceO
Dataset_pieridae.pdf,21,132,images\Dataset_pieridae\132_Aphrissa_statira_statira.png,Aphrissa statira statira,Aphrissa,Cañón río Claro - Reserva el Refugio San | Luis  Antioquia - CceE
Dataset_pieridae.pdf,21,133,images\Dataset_pieridae\133_Aphrissa_statira_statira.png,Aphrissa statira statira,Aphrissa,Cañón río Claro - Reserva el Refugio San | Luis  Antioquia - CceE
Dataset_pieridae.pdf,21,134,images\Dataset_pieridae\134_Aphrissa_statira_statira.png,Aphrissa statira statira,Aphrissa,Municipio de Mitú Mitú  Vaupés - Amz | 136
Dataset_pieridae.pdf,21,135,images\Dataset_pieridae\135_Aphrissa_statira_statira.png,Aphrissa statira statira,Aphrissa,Reserva Natural Takarkuna Capurganá - | Sapzurro Acandí  Chocó - -
Dataset_pieridae.pdf,21,136,images\Dataset_pieridae\136_Colias_dimera.png,Colias dimera,Colias,- -  - - -
Dataset_pieridae.pdf,21,137,images\Dataset_pieridae\137_Colias_dimera.png,Colias dimera,Colias,- -  - - - | 139
Dataset_pieridae.pdf,21,138,images\Dataset_pieridae\138_Colias_dimera.png,Colias dimera,Colias,- -  - - - | 140
Dataset_pieridae.pdf,21,139,images\Dataset_pieridae\139_Colias_dimera.png,Colias dimera,Colias,- -  - - -
Dataset_pieridae.pdf,21,140,images\Dataset_pieridae\140_Colias_dimera.png,Colias dimera,Colias,- -  - - -
Dataset_pieridae.pdf,21,141,images\Dataset_pieridae\141_Colias_dimera.png,Colias dimera,Colias,- -  - - -
Dataset_pieridae.pdf,22,142,images\Dataset_pieridae\142_Colias_dimera.png,Colias dimera,Colias,- -  - - -
Dataset_pieridae.pdf,22,143,images\Dataset_pieridae\143_Colias_dimera.png,Colias dimera,Colias,- -  - - - | 145
Dataset_pieridae.pdf,22,144,images\Dataset_pieridae\144_Colias_dimera.png,Colias dimera,Colias,Municipio Jardín - Fundación Colibrí | Jardín  Antioquia - Cce
Dataset_pieridae.pdf,22,145,images\Dataset_pieridae\145_Eurema_albula_albula.png,Eurema albula albula,Eurema,- -  - - -
Dataset_pieridae.pdf,22,146,images\Dataset_pieridae\146_Eurema_albula_marginella.png,Eurema albula marginella,Eurema,- -  - - -
Dataset_pieridae.pdf,22,147,images\Dataset_pieridae\147_Eurema_arbela_gratiosa.png,Eurema arbela gratiosa,Eurema,- -  - - -
Dataset_pieridae.pdf,22,148,images\Dataset_pieridae\148_Eurema_arbela_gratiosa.png,Eurema arbela gratiosa,Eurema,- -  - - -
Dataset_pieridae.pdf,22,149,images\Dataset_pieridae\149_Eurema_arbela_gratiosa.png,Eurema arbela gratiosa,Eurema,Humedal La Bramadora Sopetrán | Antioquia - CceO
Dataset_pieridae.pdf,22,150,images\Dataset_pieridae\150_Eurema_arbela_gratiosa.png,Eurema arbela gratiosa,Eurema,Humedal La Bramadora Sopetrán | Antioquia - CceO
Dataset_pieridae.pdf,22,151,images\Dataset_pieridae\151_Eurema_arbela_gratiosa.png,Eurema arbela gratiosa,Eurema,Humedal La Bramadora Sopetrán | Antioquia - CceO
Dataset_pieridae.pdf,22,152,images\Dataset_pieridae\152_Eurema_arbela_gratiosa.png,Eurema arbela gratiosa,Eurema,Humedal La Bramadora Sopetrán | Antioquia - CceO
Dataset_pieridae.pdf,22,153,images\Dataset_pieridae\153_Eurema_arbela_gratiosa.png,Eurema arbela gratiosa,Eurema,Humedal La Bramadora Sopetrán | Antioquia - CceO
Dataset_pieridae.pdf,23,154,images\Dataset_pieridae\154_Eurema_arbela_gratiosa.png,Eurema arbela gratiosa,Eurema,Humedal La Bramadora Sopetrán | Antioquia - CceO
Dataset_pieridae.pdf,23,155,images\Dataset_pieridae\155_Eurema_arbela_gratiosa.png,Eurema arbela gratiosa,Eurema,Parcelación El Hato San Jerónimo | Antioquia - Cce
Dataset_pieridae.pdf,23,156,images\Dataset_pieridae\156_Eurema_daira_daira.png,Eurema daira daira,Eurema,Guaracu San Jerónimo  Antioquia - CceO | 158
Dataset_pieridae.pdf,23,157,images\Dataset_pieridae\157_Eurema_daira_daira.png,Eurema daira daira,Eurema,Guaracu San Jerónimo  Antioquia - CceO
Dataset_pieridae.pdf,23,158,images\Dataset_pieridae\158_Eurema_daira_daira.png,Eurema daira daira,Eurema,690 m | Guaracu San Jerónimo  Antioquia - CceO
Dataset_pieridae.pdf,23,159,images\Dataset_pieridae\159_Eurema_daira_daira.png,Eurema daira daira,Eurema,690 m | Guaracu San Jerónimo  Antioquia - CceO
Dataset_pieridae.pdf,23,160,images\Dataset_pieridae\160_Eurema_daira_daira.png,Eurema daira daira,Eurema,Humedal La Bramadora Sopetrán | Antioquia - CceO
Dataset_pieridae.pdf,23,161,images\Dataset_pieridae\161_Eurema_elathea_vitellina.png,Eurema elathea vitellina,Eurema,Carretera Montezuma - PNN Tatamá | Pueblo Rico  Risaralda - CocE
Dataset_pieridae.pdf,23,162,images\Dataset_pieridae\162_Eurema_elathea_vitellina.png,Eurema elathea vitellina,Eurema,Carretera Montezuma - PNN Tatamá | Pueblo Rico  Risaralda - CocE
Dataset_pieridae.pdf,23,163,images\Dataset_pieridae\163_Eurema_elathea_vitellina.png,Eurema elathea vitellina,Eurema,Carretera Montezuma - PNN Tatamá | Pueblo Rico  Risaralda - CocE
Dataset_pieridae.pdf,23,164,images\Dataset_pieridae\164_Eurema_elathea_vitellina.png,Eurema elathea vitellina,Eurema,- -  - - -
Dataset_pieridae.pdf,23,165,images\Dataset_pieridae\165_Eurema_fabiola.png,Eurema fabiola,Eurema,- -  - - -
Dataset_pieridae.pdf,24,166,images\Dataset_pieridae\166_Eurema_fabiola.png,Eurema fabiola,Eurema,- -  - - -
Dataset_pieridae.pdf,24,167,images\Dataset_pieridae\167_Eurema_fabiola.png,Eurema fabiola,Eurema,1075 m | - -  - - -
Dataset_pieridae.pdf,24,168,images\Dataset_pieridae\168_Eurema_leuce_leuce.png,Eurema leuce leuce,Eurema,1075 m | - -  - - -
Dataset_pieridae.pdf,24,169,images\Dataset_pieridae\169_Eurema_mexicana_citrella.png,Eurema mexicana citrella,Eurema,Pueblito de San Jose Amagá  Antioquia - | CceO
Dataset_pieridae.pdf,24,170,images\Dataset_pieridae\170_Eurema_mexicana_citrella.png,Eurema mexicana citrella,Eurema,- -  - - -
Dataset_pieridae.pdf,24,171,images\Dataset_pieridae\171_Eurema_mexicana_citrella.png,Eurema mexicana citrella,Eurema,- -  - - -
Dataset_pieridae.pdf,24,172,images\Dataset_pieridae\172_Eurema_mexicana_citrella.png,Eurema mexicana citrella,Eurema,- -  - - -
Dataset_pieridae.pdf,24,173,images\Dataset_pieridae\173_Eurema_mexicana_citrella.png,Eurema mexicana citrella,Eurema,Sinifaná - La Holanda Titiribí  Antioquia - | CceO
Dataset_pieridae.pdf,24,174,images\Dataset_pieridae\174_Eurema_mexicana_citrella.png,Eurema mexicana citrella,Eurema,Pueblito de San Jose Amagá  Antioquia - | CceO
Dataset_pieridae.pdf,24,175,images\Dataset_pieridae\175_Eurema_mexicana_citrella.png,Eurema mexicana citrella,Eurema,Pueblito de San Jose Amagá  Antioquia - | CceO
Dataset_pieridae.pdf,24,176,images\Dataset_pieridae\176_Eurema_mexicana_citrella.png,Eurema mexicana citrella,Eurema,- -  - - -
Dataset_pieridae.pdf,24,177,images\Dataset_pieridae\177_Eurema_mexicana_citrella.png,Eurema mexicana citrella,Eurema,- -  - - -
Dataset_pieridae.pdf,25,178,images\Dataset_pieridae\178_Eurema_mexicana_citrella.png,Eurema mexicana citrella,Eurema,Pueblito de San Jose Amagá  Antioquia - | CceO
Dataset_pieridae.pdf,25,179,images\Dataset_pieridae\179_Eurema_mexicana_citrella.png,Eurema mexicana citrella,Eurema,- -  - - -
Dataset_pieridae.pdf,25,180,images\Dataset_pieridae\180_Eurema_mexicana_citrella.png,Eurema mexicana citrella,Eurema,Pueblito de San Jose Amagá  Antioquia - | CceO
Dataset_pieridae.pdf,25,184,images\Dataset_pieridae\184_Eurema_paulina.png,Eurema paulina,Eurema,- -  - - -
Dataset_pieridae.pdf,25,185,images\Dataset_pieridae\185_Eurema_phiale_columbia.png,Eurema phiale columbia,Eurema,- -  - - -
Dataset_pieridae.pdf,25,186,images\Dataset_pieridae\186_Eurema_phiale_columbia.png,Eurema phiale columbia,Eurema,- -  - - -
Dataset_pieridae.pdf,25,187,images\Dataset_pieridae\187_Eurema_phiale_columbia.png,Eurema phiale columbia,Eurema,- -  - - -
Dataset_pieridae.pdf,25,188,images\Dataset_pieridae\188_Eurema_salome_salome.png,Eurema salome salome,Eurema,Santuario de F y F Otún Quimbaya | Pereira  Risaralda - Cce
Dataset_pieridae.pdf,25,189,images\Dataset_pieridae\189_Eurema_salome_salome.png,Eurema salome salome,Eurema,Santuario de F y F Otún Quimbaya | Pereira  Risaralda - Cce
Dataset_pieridae.pdf,26,190,images\Dataset_pieridae\190_Eurema_salome_salome.png,Eurema salome salome,Eurema,Carretera Montezuma - PNN Tatamá | Pueblo Rico  Risaralda - CocE
Dataset_pieridae.pdf,26,191,images\Dataset_pieridae\191_Eurema_salome_salome.png,Eurema salome salome,Eurema,Santuario de F y F Otún Quimbaya | Pereira  Risaralda - Cce
Dataset_pieridae.pdf,26,192,images\Dataset_pieridae\192_Eurema_salome_salome.png,Eurema salome salome,Eurema,Vereda Paso Nivel - Finca Zanzibar | Amagá  Antioquia - Cce
Dataset_pieridae.pdf,26,193,images\Dataset_pieridae\193_Eurema_salome_salome.png,Eurema salome salome,Eurema,- -  - - -
Dataset_pieridae.pdf,26,194,images\Dataset_pieridae\194_Eurema_salome_salome.png,Eurema salome salome,Eurema,- -  - - - | 196
Dataset_pieridae.pdf,26,195,images\Dataset_pieridae\195_Eurema_salome_santamarta.png,Eurema salome santamarta,Eurema,- -  - - -
Dataset_pieridae.pdf,26,196,images\Dataset_pieridae\196_Eurema_salome_santamarta.png,Eurema salome santamarta,Eurema,- -  - - -
Dataset_pieridae.pdf,26,197,images\Dataset_pieridae\197_Eurema_sp_montezuma.png,Eurema sp montezuma,Eurema,Carretera Montezuma - PNN Tatamá | Pueblo Rico  Risaralda - CocE
Dataset_pieridae.pdf,26,198,images\Dataset_pieridae\198_Eurema_sp_x_amarilla.png,Eurema sp x amarilla,Eurema,- -  - - - | 200
Dataset_pieridae.pdf,26,199,images\Dataset_pieridae\199_Eurema_sp_x_romera.png,Eurema sp x romera,Eurema,Reserva La Romera Sabaneta  Antioquia - | Cce
Dataset_pieridae.pdf,26,200,images\Dataset_pieridae\200_Eurema_xantochlora_xantochlora.png,Eurema xantochlora xantochlora,Eurema,- -  - - -
Dataset_pieridae.pdf,26,201,images\Dataset_pieridae\201_Eurema_xantochlora_xantochlora.png,Eurema xantochlora xantochlora,Eurema,- -  - - -
Dataset_pieridae.pdf,27,202,images\Dataset_pieridae\202_Eurema_xantochlora_xantochlora.png,Eurema xantochlora xantochlora,Eurema,- -  - - -
Dataset_pieridae.pdf,27,203,images\Dataset_pieridae\203_Eurema_xantochlora_xantochlora.png,Eurema xantochlora xantochlora,Eurema,Reserva Las Tangaras El Carmen de | Atrato  Chocó - CocE
Dataset_pieridae.pdf,27,204,images\Dataset_pieridae\204_Eurema_xantochlora_xantochlora.png,Eurema xantochlora xantochlora,Eurema,Municipio Jardín - Fundación Colibrí | Jardín  Antioquia - Cce
Dataset_pieridae.pdf,27,205,images\Dataset_pieridae\205_Eurema_xantochlora_xantochlora.png,Eurema xantochlora xantochlora,Eurema,Municipio Jardín - Fundación Colibrí | Jardín  Antioquia - Cce
Dataset_pieridae.pdf,27,206,images\Dataset_pieridae\206_Eurema_xantochlora_xantochlora.png,Eurema xantochlora xantochlora,Eurema,Río Pepino Mocoa  Putumayo - CorE | EC
Dataset_pieridae.pdf,27,207,images\Dataset_pieridae\207_Leucidia_brephos.png,Leucidia brephos,Leucidia,560 m | Río Pepino Mocoa  Putumayo - CorE
Dataset_pieridae.pdf,27,208,images\Dataset_pieridae\208_Leucidia_brephos.png,Leucidia brephos,Leucidia,Río Pepino Mocoa  Putumayo - CorE
Dataset_pieridae.pdf,27,209,images\Dataset_pieridae\209_Leucidia_brephos.png,Leucidia brephos,Leucidia,560 m | - -  - - -
Dataset_pieridae.pdf,27,210,images\Dataset_pieridae\210_Phoebis_agarithe_agarithe.png,Phoebis agarithe agarithe,Phoebis,- -  - - - | MX
Dataset_pieridae.pdf,27,211,images\Dataset_pieridae\211_Phoebis_argante_argante.png,Phoebis argante argante,Phoebis,Carretera Montezuma - PNN Tatamá | Pueblo Rico  Risaralda - CocE
Dataset_pieridae.pdf,27,212,images\Dataset_pieridae\212_Phoebis_argante_argante.png,Phoebis argante argante,Phoebis,Carretera Montezuma - PNN Tatamá | Pueblo Rico  Risaralda - CocE
Dataset_pieridae.pdf,27,213,images\Dataset_pieridae\213_Phoebis_argante_argante.png,Phoebis argante argante,Phoebis,- -  - - -
Dataset_pieridae.pdf,28,214,images\Dataset_pieridae\214_Phoebis_argante_argante.png,Phoebis argante argante,Phoebis,- -  - - -
Dataset_pieridae.pdf,28,215,images\Dataset_pieridae\215_Phoebis_argante_argante.png,Phoebis argante argante,Phoebis,- -  - - -
Dataset_pieridae.pdf,28,216,images\Dataset_pieridae\216_Phoebis_argante_argante.png,Phoebis argante argante,Phoebis,Río Pepino Mocoa  Putumayo - CorE | EC
Dataset_pieridae.pdf,28,217,images\Dataset_pieridae\217_Phoebis_argante_argante.png,Phoebis argante argante,Phoebis,Río Pepino Mocoa  Putumayo - CorE
Dataset_pieridae.pdf,28,218,images\Dataset_pieridae\218_Phoebis_argante_larra.png,Phoebis argante larra,Phoebis,Reserva Natural Mururito Puerto Gaitán | Meta - Orq
Dataset_pieridae.pdf,28,219,images\Dataset_pieridae\219_Phoebis_neocypris_rurina.png,Phoebis neocypris rurina,Phoebis,- -  - - - | MX
Dataset_pieridae.pdf,28,220,images\Dataset_pieridae\220_Phoebis_neocypris_rurina.png,Phoebis neocypris rurina,Phoebis,Pueblito de San Jose Amagá  Antioquia - | CceO
Dataset_pieridae.pdf,28,221,images\Dataset_pieridae\221_Phoebis_neocypris_rurina.png,Phoebis neocypris rurina,Phoebis,- -  - - - | TX
Dataset_pieridae.pdf,28,222,images\Dataset_pieridae\222_Phoebis_philea_philea.png,Phoebis philea philea,Phoebis,- -  - - - | 224
Dataset_pieridae.pdf,28,223,images\Dataset_pieridae\223_Phoebis_philea_philea.png,Phoebis philea philea,Phoebis,- -  - - -
Dataset_pieridae.pdf,28,224,images\Dataset_pieridae\224_Phoebis_philea_philea.png,Phoebis philea philea,Phoebis,- -  - - -
Dataset_pieridae.pdf,28,225,images\Dataset_pieridae\225_Phoebis_philea_philea.png,Phoebis philea philea,Phoebis,Humedal La Bramadora Sopetrán | Antioquia - CceO
Dataset_pieridae.pdf,29,226,images\Dataset_pieridae\226_Phoebis_philea_philea.png,Phoebis philea philea,Phoebis,Humedal La Bramadora Sopetrán | Antioquia - CceO
Dataset_pieridae.pdf,29,227,images\Dataset_pieridae\227_Phoebis_philea_philea.png,Phoebis philea philea,Phoebis,Río Pepino Mocoa  Putumayo - CorE | 229
Dataset_pieridae.pdf,29,228,images\Dataset_pieridae\228_Phoebis_philea_philea.png,Phoebis philea philea,Phoebis,Sinifaná - La Holanda Titiribí  Antioquia - | CceO
Dataset_pieridae.pdf,29,229,images\Dataset_pieridae\229_Phoebis_sennae_marcellina.png,Phoebis sennae marcellina,Phoebis,Guaracu San Jerónimo  Antioquia - CceO
Dataset_pieridae.pdf,29,230,images\Dataset_pieridae\230_Phoebis_sennae_marcellina.png,Phoebis sennae marcellina,Phoebis,Finca El Caney Puerto Berrío  Antioquia - | Cce
Dataset_pieridae.pdf,29,231,images\Dataset_pieridae\231_Phoebis_sennae_marcellina.png,Phoebis sennae marcellina,Phoebis,Humedal La Bramadora Sopetrán | Antioquia - CceO
Dataset_pieridae.pdf,29,232,images\Dataset_pieridae\232_Phoebis_sennae_marcellina.png,Phoebis sennae marcellina,Phoebis,Finca El Caney Puerto Berrío  Antioquia - | Cce
Dataset_pieridae.pdf,29,233,images\Dataset_pieridae\233_Phoebis_sennae_marcellina.png,Phoebis sennae marcellina,Phoebis,- -  - - -
Dataset_pieridae.pdf,29,234,images\Dataset_pieridae\234_Phoebis_sennae_marcellina.png,Phoebis sennae marcellina,Phoebis,- -  - - -
Dataset_pieridae.pdf,29,235,images\Dataset_pieridae\235_Pyrisitia_dina_gabriela.png,Pyrisitia dina gabriela,Pyrisitia,Pueblito de San Jose Amagá  Antioquia - | CceO
Dataset_pieridae.pdf,29,236,images\Dataset_pieridae\236_Pyrisitia_dina_gabriela.png,Pyrisitia dina gabriela,Pyrisitia,Carretera Montezuma - PNN Tatamá | Pueblo Rico  Risaralda - CocE
Dataset_pieridae.pdf,29,237,images\Dataset_pieridae\237_Pyrisitia_leuce_athalia.png,Pyrisitia leuce athalia,Pyrisitia,Sinifaná - La Holanda Titiribí  Antioquia - | CceO
Dataset_pieridae.pdf,30,238,images\Dataset_pieridae\238_Pyrisitia_leuce_athalia.png,Pyrisitia leuce athalia,Pyrisitia,Reserva Natural Mururito Puerto Gaitán | Meta - Orq
Dataset_pieridae.pdf,30,239,images\Dataset_pieridae\239_Pyrisitia_leuce_athalia.png,Pyrisitia leuce athalia,Pyrisitia,Reserva Natural Mururito Puerto Gaitán | Meta - Orq
Dataset_pieridae.pdf,30,240,images\Dataset_pieridae\240_Pyrisitia_leuce_athalia.png,Pyrisitia leuce athalia,Pyrisitia,Sinifaná - La Holanda Titiribí  Antioquia - | CceO
Dataset_pieridae.pdf,30,241,images\Dataset_pieridae\241_Pyrisitia_proterpia.png,Pyrisitia proterpia,Pyrisitia,- -  - - -
Dataset_pieridae.pdf,30,242,images\Dataset_pieridae\242_Pyrisitia_proterpia.png,Pyrisitia proterpia,Pyrisitia,- -  - - - | 244
Dataset_pieridae.pdf,30,243,images\Dataset_pieridae\243_Pyrisitia_proterpia.png,Pyrisitia proterpia,Pyrisitia,- -  - - - | 245
Dataset_pieridae.pdf,30,244,images\Dataset_pieridae\244_Pyrisitia_proterpia.png,Pyrisitia proterpia,Pyrisitia,- -  - - -
Dataset_pieridae.pdf,30,245,images\Dataset_pieridae\245_Pyrisitia_proterpia.png,Pyrisitia proterpia,Pyrisitia,- -  - - - | 247
Dataset_pieridae.pdf,30,246,images\Dataset_pieridae\246_Pyrisitia_proterpia.png,Pyrisitia proterpia,Pyrisitia,Humedal La Bramadora Sopetrán | Antioquia - CceO
Dataset_pieridae.pdf,30,247,images\Dataset_pieridae\247_Pyrisitia_venusta_venusta.png,Pyrisitia venusta venusta,Pyrisitia,Carretera Montezuma - PNN Tatamá | Pueblo Rico  Risaralda - CocE
Dataset_pieridae.pdf,30,248,images\Dataset_pieridae\248_Pyrisitia_venusta_venusta.png,Pyrisitia venusta venusta,Pyrisitia,Pueblito de San Jose Amagá  Antioquia - | CceO
Dataset_pieridae.pdf,30,249,images\Dataset_pieridae\249_Pyrisitia_venusta_venusta.png,Pyrisitia venusta venusta,Pyrisitia,Carretera Montezuma - PNN Tatamá | Pueblo Rico  Risaralda - CocE
Dataset_pieridae.pdf,31,250,images\Dataset_pieridae\250_Pyrisitia_venusta_venusta.png,Pyrisitia venusta venusta,Pyrisitia,Pueblito de San Jose Amagá  Antioquia - | CceO
Dataset_pieridae.pdf,31,251,images\Dataset_pieridae\251_Pyrisitia_venusta_venusta.png,Pyrisitia venusta venusta,Pyrisitia,Pueblito de San Jose Amagá  Antioquia - | CceO
Dataset_pieridae.pdf,31,252,images\Dataset_pieridae\252_Pyrisitia_venusta_venusta.png,Pyrisitia venusta venusta,Pyrisitia,Carretera Montezuma - PNN Tatamá | Pueblo Rico  Risaralda - CocE
Dataset_pieridae.pdf,31,253,images\Dataset_pieridae\253_Pyrisitia_venusta_venusta.png,Pyrisitia venusta venusta,Pyrisitia,- -  - - -
Dataset_pieridae.pdf,31,254,images\Dataset_pieridae\254_Pyrisitia_venusta_venusta.png,Pyrisitia venusta venusta,Pyrisitia,Golfo de Morrosquillo Tolú  Sucre - Car | PE
Dataset_pieridae.pdf,31,255,images\Dataset_pieridae\255_Pyrisitia_venusta_venusta.png,Pyrisitia venusta venusta,Pyrisitia,Carretera Montezuma - PNN Tatamá | Pueblo Rico  Risaralda - CocE
Dataset_pieridae.pdf,31,256,images\Dataset_pieridae\256_Pyrisitia_venusta_venusta.png,Pyrisitia venusta venusta,Pyrisitia,Santa María Santa María  Boyacá - CorE
Dataset_pieridae.pdf,31,257,images\Dataset_pieridae\257_Rhabdodryas_trite_trite.png,Rhabdodryas trite trite,Rhabdodryas,- -  - - - | 259
Dataset_pieridae.pdf,31,258,images\Dataset_pieridae\258_Rhabdodryas_trite_trite.png,Rhabdodryas trite trite,Rhabdodryas,Cañón río Claro - Reserva el Refugio San | Luis  Antioquia - CceE
Dataset_pieridae.pdf,31,259,images\Dataset_pieridae\259_Zerene_cesonia_boyacensis.png,Zerene cesonia boyacensis,Zerene,- -  - - - | Mariposas de Colombia - ButterflyBase-JGJ
Dataset_pieridae.pdf,31,260,images\Dataset_pieridae\260_Zerene_cesonia_boyacensis.png,Zerene cesonia boyacensis,Zerene,- -  - - -
Dataset_pieridae.pdf,32,261,images\Dataset_pieridae\261_Archonias_brassolis_approximata.png,Archonias brassolis approximata,Archonias,- -  - - -
Dataset_pieridae.pdf,32,262,images\Dataset_pieridae\262_Archonias_brassolis_approximata.png,Archonias brassolis approximata,Archonias,- -  - - -
Dataset_pieridae.pdf,32,263,images\Dataset_pieridae\263_Archonias_brassolis_approximata.png,Archonias brassolis approximata,Archonias,Carretera Montezuma - PNN Tatamá | Pueblo Rico  Risaralda - CocE
Dataset_pieridae.pdf,32,264,images\Dataset_pieridae\264_Archonias_brassolis_approximata.png,Archonias brassolis approximata,Archonias,Carretera Montezuma - PNN Tatamá | Pueblo Rico  Risaralda - CocE
Dataset_pieridae.pdf,32,265,images\Dataset_pieridae\265_Archonias_brassolis_approximata.png,Archonias brassolis approximata,Archonias,Carretera Montezuma - PNN Tatamá | Pueblo Rico  Risaralda - CocE
Dataset_pieridae.pdf,32,266,images\Dataset_pieridae\266_Archonias_brassolis_critias.png,Archonias brassolis critias,Archonias,- -  - - -
Dataset_pieridae.pdf,32,267,images\Dataset_pieridae\267_Archonias_brassolis_critias.png,Archonias brassolis critias,Archonias,- -  - - -
Dataset_pieridae.pdf,32,268,images\Dataset_pieridae\268_Archonias_tereas_archidona.png,Archonias tereas archidona,Archonias,- -  - - -
Dataset_pieridae.pdf,33,269,images\Dataset_pieridae\269_Ascia_monuste_monuste.png,Ascia monuste monuste,Ascia,Jardín Botánico del Quindio Calarcá | Quindío - -
Dataset_pieridae.pdf,33,270,images\Dataset_pieridae\270_Ascia_monuste_monuste.png,Ascia monuste monuste,Ascia,Jardín Botánico del Quindio Calarcá | Quindío - -
Dataset_pieridae.pdf,33,271,images\Dataset_pieridae\271_Ascia_monuste_orseis.png,Ascia monuste orseis,Ascia,- -  - - - | 273
Dataset_pieridae.pdf,33,272,images\Dataset_pieridae\272_Ascia_monuste_orseis.png,Ascia monuste orseis,Ascia,- -  - - -
Dataset_pieridae.pdf,33,273,images\Dataset_pieridae\273_Ascia_monuste_orseis.png,Ascia monuste orseis,Ascia,- -  - - - | 275
Dataset_pieridae.pdf,33,274,images\Dataset_pieridae\274_Ascia_monuste_orseis.png,Ascia monuste orseis,Ascia,- -  - - - | 276
Dataset_pieridae.pdf,33,275,images\Dataset_pieridae\275_Ascia_monuste_orseis.png,Ascia monuste orseis,Ascia,Finca El Caney Puerto Berrío  Antioquia - | Cce
Dataset_pieridae.pdf,33,276,images\Dataset_pieridae\276_Ascia_monuste_orseis.png,Ascia monuste orseis,Ascia,- -  - - - | 278
Dataset_pieridae.pdf,33,277,images\Dataset_pieridae\277_Ascia_monuste_orseis.png,Ascia monuste orseis,Ascia,Sinifaná - La Holanda Titiribí  Antioquia - | CceO
Dataset_pieridae.pdf,33,278,images\Dataset_pieridae\278_Ascia_monuste_orseis.png,Ascia monuste orseis,Ascia,Reserva Rocamadre Toluviejo  Sucre - Car
Dataset_pieridae.pdf,33,279,images\Dataset_pieridae\279_Ascia_sp_x_otra.png,Ascia sp x otra,Ascia,320 m | Humedal La Bramadora Sopetrán
Dataset_pieridae.pdf,33,280,images\Dataset_pieridae\280_Ascia_sp_x_otra.png,Ascia sp x otra,Ascia,524 m | - -  - - -
Dataset_pieridae.pdf,34,281,images\Dataset_pieridae\281_Catasticta_affinis_affinis.png,Catasticta affinis affinis,Catasticta,- -  - - -
Dataset_pieridae.pdf,34,282,images\Dataset_pieridae\282_Catasticta_affinis_affinis.png,Catasticta affinis affinis,Catasticta,- -  - - -
Dataset_pieridae.pdf,34,283,images\Dataset_pieridae\283_Catasticta_apaturina.png,Catasticta apaturina,Catasticta,- -  - - - | 285
Dataset_pieridae.pdf,34,284,images\Dataset_pieridae\284_Catasticta_apaturina.png,Catasticta apaturina,Catasticta,- -  - - -
Dataset_pieridae.pdf,34,285,images\Dataset_pieridae\285_Catasticta_chrysolopha_adamsi.png,Catasticta chrysolopha adamsi,Catasticta,- -  - - -
Dataset_pieridae.pdf,34,286,images\Dataset_pieridae\286_Catasticta_chrysolopha_chrysolopha.png,Catasticta chrysolopha chrysolopha,Catasticta,Santuario de F y F Iguaque Villa de Leyva | Boyacá - Cor
Dataset_pieridae.pdf,34,287,images\Dataset_pieridae\287_Catasticta_chrysolopha_chrysolopha.png,Catasticta chrysolopha chrysolopha,Catasticta,Santuario de F y F Iguaque Villa de Leyva | Boyacá - Cor
Dataset_pieridae.pdf,34,288,images\Dataset_pieridae\288_Catasticta_chrysolopha_chrysolopha.png,Catasticta chrysolopha chrysolopha,Catasticta,- -  - - -
Dataset_pieridae.pdf,34,289,images\Dataset_pieridae\289_Catasticta_chrysolopha_chrysolopha.png,Catasticta chrysolopha chrysolopha,Catasticta,Santuario de F y F Iguaque Villa de Leyva | Boyacá - Cor
Dataset_pieridae.pdf,34,290,images\Dataset_pieridae\290_Catasticta_chrysolopha_chrysolopha.png,Catasticta chrysolopha chrysolopha,Catasticta,- -  - - -
Dataset_pieridae.pdf,34,291,images\Dataset_pieridae\291_Catasticta_ctemene_rubricata.png,Catasticta ctemene rubricata,Catasticta,Carretera Montezuma - PNN Tatamá | Pueblo Rico  Risaralda - CocE
Dataset_pieridae.pdf,34,292,images\Dataset_pieridae\292_Catasticta_ctemene_rubricata.png,Catasticta ctemene rubricata,Catasticta,Santuario de F y F Otún Quimbaya | Pereira  Risaralda - Cce
Dataset_pieridae.pdf,35,293,images\Dataset_pieridae\293_Catasticta_ctemene_rubricata.png,Catasticta ctemene rubricata,Catasticta,Carretera Montezuma - PNN Tatamá | Pueblo Rico  Risaralda - CocE
Dataset_pieridae.pdf,35,294,images\Dataset_pieridae\294_Catasticta_ctemene_rubricata.png,Catasticta ctemene rubricata,Catasticta,Santuario de F y F Otún Quimbaya | Pereira  Risaralda - Cce
Dataset_pieridae.pdf,35,295,images\Dataset_pieridae\295_Catasticta_flisa_dilutior.png,Catasticta flisa dilutior,Catasticta,StaMaria - Sendero Hyka Quye Santa | María  Boyacá - Cor
Dataset_pieridae.pdf,35,296,images\Dataset_pieridae\296_Catasticta_flisa_dilutior.png,Catasticta flisa dilutior,Catasticta,StaMaria - Sendero Hyka Quye Santa | María  Boyacá - Cor
Dataset_pieridae.pdf,35,297,images\Dataset_pieridae\297_Catasticta_flisa_dilutior.png,Catasticta flisa dilutior,Catasticta,StaMaria - Sendero Hyka Quye Santa | María  Boyacá - Cor
Dataset_pieridae.pdf,35,298,images\Dataset_pieridae\298_Catasticta_flisa_flisa.png,Catasticta flisa flisa,Catasticta,Pueblito de San Jose Amagá  Antioquia - | CceO
Dataset_pieridae.pdf,35,299,images\Dataset_pieridae\299_Catasticta_flisa_flisa.png,Catasticta flisa flisa,Catasticta,- -  - - -
Dataset_pieridae.pdf,35,300,images\Dataset_pieridae\300_Catasticta_flisa_flisa.png,Catasticta flisa flisa,Catasticta,Pueblito de San Jose Amagá  Antioquia - | CceO
Dataset_pieridae.pdf,35,301,images\Dataset_pieridae\301_Catasticta_flisa_flisa.png,Catasticta flisa flisa,Catasticta,1800 m | - -  - - -
Dataset_pieridae.pdf,35,302,images\Dataset_pieridae\302_Catasticta_flisa_flisa.png,Catasticta flisa flisa,Catasticta,- -  - - -
Dataset_pieridae.pdf,35,303,images\Dataset_pieridae\303_Catasticta_flisa_flisa.png,Catasticta flisa flisa,Catasticta,Pueblito de San Jose Amagá  Antioquia - | CceO
Dataset_pieridae.pdf,35,304,images\Dataset_pieridae\304_Catasticta_flisa_flisoides.png,Catasticta flisa flisoides,Catasticta,Municipio Jardín - Fundación Colibrí | Jardín  Antioquia - Cce
Dataset_pieridae.pdf,36,305,images\Dataset_pieridae\305_Catasticta_flisa_flisoides.png,Catasticta flisa flisoides,Catasticta,Municipio Jardín - Fundación Colibrí | Jardín  Antioquia - Cce
Dataset_pieridae.pdf,36,306,images\Dataset_pieridae\306_Catasticta_flisa_noakesi.png,Catasticta flisa noakesi,Catasticta,Reserva natural de las aves Arrierito | Antioqueño (Piha) Anorí  Antioquia - Cce
Dataset_pieridae.pdf,36,307,images\Dataset_pieridae\307_Catasticta_flisa_postaurea.png,Catasticta flisa postaurea,Catasticta,Reserva natural de las aves El Dorado | Santa Marta  Magdalena - Snsm
Dataset_pieridae.pdf,36,308,images\Dataset_pieridae\308_Catasticta_flisa_postaurea.png,Catasticta flisa postaurea,Catasticta,Reserva natural de las aves El Dorado | Santa Marta  Magdalena - Snsm
Dataset_pieridae.pdf,36,309,images\Dataset_pieridae\309_Catasticta_flisa_postaurea.png,Catasticta flisa postaurea,Catasticta,Reserva natural de las aves El Dorado | Santa Marta  Magdalena - Snsm
Dataset_pieridae.pdf,36,310,images\Dataset_pieridae\310_Catasticta_hebra_apollinari.png,Catasticta hebra apollinari,Catasticta,- -  - - -
Dataset_pieridae.pdf,36,311,images\Dataset_pieridae\311_Catasticta_hebra_apollinari.png,Catasticta hebra apollinari,Catasticta,- -  - - - | e
Dataset_pieridae.pdf,36,312,images\Dataset_pieridae\312_Catasticta_hegemon_helle.png,Catasticta hegemon helle,Catasticta,Reserva natural de las aves Arrierito | Antioqueño (Piha) Anorí  Antioquia - Cce
Dataset_pieridae.pdf,36,313,images\Dataset_pieridae\313_Catasticta_hegemon_helle.png,Catasticta hegemon helle,Catasticta,Reserva natural de las aves Arrierito | Antioqueño (Piha) Anorí  Antioquia - Cce
Dataset_pieridae.pdf,36,314,images\Dataset_pieridae\314_Catasticta_lycurgus.png,Catasticta lycurgus,Catasticta,- -  - - -
Dataset_pieridae.pdf,36,315,images\Dataset_pieridae\315_Catasticta_notha_caucana.png,Catasticta notha caucana,Catasticta,Santuario de F y F Otún Quimbaya | Pereira  Risaralda - Cce
Dataset_pieridae.pdf,36,316,images\Dataset_pieridae\316_Catasticta_notha_caucana.png,Catasticta notha caucana,Catasticta,Santuario de F y F Otún Quimbaya | Pereira  Risaralda - Cce
Dataset_pieridae.pdf,37,317,images\Dataset_pieridae\317_Catasticta_notha_caucana.png,Catasticta notha caucana,Catasticta,Santuario de F y F Otún Quimbaya | Pereira  Risaralda - Cce
Dataset_pieridae.pdf,37,318,images\Dataset_pieridae\318_Catasticta_notha_caucana.png,Catasticta notha caucana,Catasticta,Santuario de F y F Otún Quimbaya | Pereira  Risaralda - Cce
Dataset_pieridae.pdf,37,319,images\Dataset_pieridae\319_Catasticta_philais_philais.png,Catasticta philais philais,Catasticta,- -  - - -
Dataset_pieridae.pdf,37,320,images\Dataset_pieridae\320_Catasticta_philais_philais.png,Catasticta philais philais,Catasticta,- -  - - -
Dataset_pieridae.pdf,37,321,images\Dataset_pieridae\321_Catasticta_philais_philais.png,Catasticta philais philais,Catasticta,- -  - - -
Dataset_pieridae.pdf,37,322,images\Dataset_pieridae\322_Catasticta_philone_philone.png,Catasticta philone philone,Catasticta,- -  - - -
Dataset_pieridae.pdf,37,323,images\Dataset_pieridae\323_Catasticta_philone_philone.png,Catasticta philone philone,Catasticta,- -  - - -
Dataset_pieridae.pdf,37,324,images\Dataset_pieridae\324_Catasticta_philone_variabilis.png,Catasticta philone variabilis,Catasticta,- -  - - -
Dataset_pieridae.pdf,37,325,images\Dataset_pieridae\325_Catasticta_philone_variabilis.png,Catasticta philone variabilis,Catasticta,- -  - - -
Dataset_pieridae.pdf,37,326,images\Dataset_pieridae\326_Catasticta_philone_variabilis.png,Catasticta philone variabilis,Catasticta,- -  - - -
Dataset_pieridae.pdf,37,327,images\Dataset_pieridae\327_Catasticta_philone_variabilis.png,Catasticta philone variabilis,Catasticta,- -  - - -
Dataset_pieridae.pdf,37,328,images\Dataset_pieridae\328_Catasticta_philone_variabilis.png,Catasticta philone variabilis,Catasticta,- -  - - -
Dataset_pieridae.pdf,38,329,images\Dataset_pieridae\329_Catasticta_philoscia_incertina.png,Catasticta philoscia incertina,Catasticta,- -  - - -
Dataset_pieridae.pdf,38,330,images\Dataset_pieridae\330_Catasticta_philoscia_incertina.png,Catasticta philoscia incertina,Catasticta,- -  - - -
Dataset_pieridae.pdf,38,331,images\Dataset_pieridae\331_Catasticta_philoscia_incertina.png,Catasticta philoscia incertina,Catasticta,- -  - - -
Dataset_pieridae.pdf,38,332,images\Dataset_pieridae\332_Catasticta_philoscia_incertina.png,Catasticta philoscia incertina,Catasticta,- -  - - -
Dataset_pieridae.pdf,38,333,images\Dataset_pieridae\333_Catasticta_philoscia_incertina.png,Catasticta philoscia incertina,Catasticta,- -  - - -
Dataset_pieridae.pdf,38,334,images\Dataset_pieridae\334_Catasticta_philoscia_incertina.png,Catasticta philoscia incertina,Catasticta,- -  - - -
Dataset_pieridae.pdf,38,335,images\Dataset_pieridae\335_Catasticta_philothea.png,Catasticta philothea,Catasticta,- -  - - -
Dataset_pieridae.pdf,38,336,images\Dataset_pieridae\336_Catasticta_philothea.png,Catasticta philothea,Catasticta,- -  - - - | 338
Dataset_pieridae.pdf,38,337,images\Dataset_pieridae\337_Catasticta_philothea.png,Catasticta philothea,Catasticta,- -  - - - | 339
Dataset_pieridae.pdf,38,338,images\Dataset_pieridae\338_Catasticta_prioneris_albescens.png,Catasticta prioneris albescens,Catasticta,Carretera Montezuma - PNN Tatamá | Pueblo Rico  Risaralda - CocE
Dataset_pieridae.pdf,38,339,images\Dataset_pieridae\339_Catasticta_prioneris_albescens.png,Catasticta prioneris albescens,Catasticta,Carretera Montezuma - PNN Tatamá | Pueblo Rico  Risaralda - CocE
Dataset_pieridae.pdf,38,340,images\Dataset_pieridae\340_Catasticta_prioneris_albescens.png,Catasticta prioneris albescens,Catasticta,- -  - - -
Dataset_pieridae.pdf,39,341,images\Dataset_pieridae\341_Catasticta_prioneris_albescens.png,Catasticta prioneris albescens,Catasticta,Vereda Paso Nivel - Finca Zanzibar | Amagá  Antioquia - Cce
Dataset_pieridae.pdf,39,342,images\Dataset_pieridae\342_Catasticta_prioneris_albescens.png,Catasticta prioneris albescens,Catasticta,Carretera Montezuma - PNN Tatamá | Pueblo Rico  Risaralda - CocE
Dataset_pieridae.pdf,39,343,images\Dataset_pieridae\343_Catasticta_prioneris_albescens.png,Catasticta prioneris albescens,Catasticta,- -  - - -
Dataset_pieridae.pdf,39,344,images\Dataset_pieridae\344_Catasticta_reducta_reducta.png,Catasticta reducta reducta,Catasticta,- -  - - -
Dataset_pieridae.pdf,39,345,images\Dataset_pieridae\345_Catasticta_reducta_reducta.png,Catasticta reducta reducta,Catasticta,- -  - - -
Dataset_pieridae.pdf,39,346,images\Dataset_pieridae\346_Catasticta_reducta_reducta.png,Catasticta reducta reducta,Catasticta,- -  - - -
Dataset_pieridae.pdf,39,347,images\Dataset_pieridae\347_Catasticta_seitzi_seitzi.png,Catasticta seitzi seitzi,Catasticta,Municipio Jardín - Fundación Colibrí | Jardín  Antioquia - Cce
Dataset_pieridae.pdf,39,348,images\Dataset_pieridae\348_Catasticta_seitzi_seitzi.png,Catasticta seitzi seitzi,Catasticta,Municipio Jardín - Fundación Colibrí | Jardín  Antioquia - Cce
Dataset_pieridae.pdf,39,349,images\Dataset_pieridae\349_Catasticta_semiramis_belmira.png,Catasticta semiramis belmira,Catasticta,- -  - - -
Dataset_pieridae.pdf,39,350,images\Dataset_pieridae\350_Catasticta_semiramis_belmira.png,Catasticta semiramis belmira,Catasticta,- -  - - -
Dataset_pieridae.pdf,39,351,images\Dataset_pieridae\351_Catasticta_semiramis_belmira.png,Catasticta semiramis belmira,Catasticta,- -  - - -
Dataset_pieridae.pdf,39,352,images\Dataset_pieridae\352_Catasticta_sisamnus_sisamnus.png,Catasticta sisamnus sisamnus,Catasticta,- -  - - -
Dataset_pieridae.pdf,40,353,images\Dataset_pieridae\353_Catasticta_sisamnus_sisamnus.png,Catasticta sisamnus sisamnus,Catasticta,- -  - - -
Dataset_pieridae.pdf,40,354,images\Dataset_pieridae\354_Catasticta_sisamnus_sisamnus.png,Catasticta sisamnus sisamnus,Catasticta,- -  - - -
Dataset_pieridae.pdf,40,355,images\Dataset_pieridae\355_Catasticta_sisamnus_sisamnus.png,Catasticta sisamnus sisamnus,Catasticta,- -  - - -
Dataset_pieridae.pdf,40,356,images\Dataset_pieridae\356_Catasticta_sisamnus_sisamnus.png,Catasticta sisamnus sisamnus,Catasticta,- -  - - -
Dataset_pieridae.pdf,40,357,images\Dataset_pieridae\357_Catasticta_sisamnus_telasco.png,Catasticta sisamnus telasco,Catasticta,Altos Florencia Florencia  Caquetá - Amz
Dataset_pieridae.pdf,40,358,images\Dataset_pieridae\358_Catasticta_sisamnus_telasco.png,Catasticta sisamnus telasco,Catasticta,Altos Florencia Florencia  Caquetá - Amz
Dataset_pieridae.pdf,40,359,images\Dataset_pieridae\359_Catasticta_sp_florencia.png,Catasticta sp florencia,Catasticta,Altos Florencia Florencia  Caquetá - Amz
Dataset_pieridae.pdf,40,360,images\Dataset_pieridae\360_Catasticta_sp_normandia.png,Catasticta sp normandia,Catasticta,Normandia Retiro  Antioquia - Cce
Dataset_pieridae.pdf,40,361,images\Dataset_pieridae\361_Catasticta_sp_x_iguaque_otra.png,Catasticta sp x iguaque otra,Catasticta,Santuario de F y F Iguaque Villa de Leyva | Boyacá - Cor
Dataset_pieridae.pdf,40,362,images\Dataset_pieridae\362_Catasticta_sp_x_naranja.png,Catasticta sp x naranja,Catasticta,Normandia Retiro  Antioquia - Cce
Dataset_pieridae.pdf,40,363,images\Dataset_pieridae\363_Catasticta_sp_x_romera.png,Catasticta sp x romera,Catasticta,Reserva La Romera Sabaneta  Antioquia - | Cce
Dataset_pieridae.pdf,40,364,images\Dataset_pieridae\364_Catasticta_sp_x_iguaque.png,Catasticta sp x? iguaque,Catasticta,Santuario de F y F Iguaque Villa de Leyva | Boyacá - Cor
Dataset_pieridae.pdf,41,365,images\Dataset_pieridae\365_Catasticta_sp_x_iguaque.png,Catasticta sp x? iguaque,Catasticta,- -  - - -
Dataset_pieridae.pdf,41,366,images\Dataset_pieridae\366_Catasticta_tomyris_tomyris.png,Catasticta tomyris tomyris,Catasticta,Reserva La Romera Sabaneta  Antioquia - | Cce
Dataset_pieridae.pdf,41,367,images\Dataset_pieridae\367_Catasticta_tomyris_tomyris.png,Catasticta tomyris tomyris,Catasticta,Reserva La Romera Sabaneta  Antioquia - | Cce
Dataset_pieridae.pdf,41,368,images\Dataset_pieridae\368_Catasticta_troezene_troezene.png,Catasticta troezene troezene,Catasticta,- -  - - -
Dataset_pieridae.pdf,41,369,images\Dataset_pieridae\369_Catasticta_troezene_troezene.png,Catasticta troezene troezene,Catasticta,- -  - - -
Dataset_pieridae.pdf,41,370,images\Dataset_pieridae\370_Catasticta_uricoecheae_flava.png,Catasticta uricoecheae flava,Catasticta,- -  - - -
Dataset_pieridae.pdf,41,371,images\Dataset_pieridae\371_Catasticta_uricoecheae_uricoecheae.png,Catasticta uricoecheae uricoecheae,Catasticta,Reserva Paz y Flora Guasca | Cundinamarca - -
Dataset_pieridae.pdf,41,372,images\Dataset_pieridae\372_Catasticta_uricoecheae_uricoecheae.png,Catasticta uricoecheae uricoecheae,Catasticta,Reserva Paz y Flora Guasca | Cundinamarca - -
Dataset_pieridae.pdf,41,373,images\Dataset_pieridae\373_Catasticta_uricoecheae_uricoecheae.png,Catasticta uricoecheae uricoecheae,Catasticta,Reserva Paz y Flora Guasca | Cundinamarca - -
Dataset_pieridae.pdf,41,374,images\Dataset_pieridae\374_Cunizza_hirlanda_helvia.png,Cunizza hirlanda helvia,Cunizza,Cañón río Claro - Reserva el Refugio San | Luis  Antioquia - CceE
Dataset_pieridae.pdf,41,375,images\Dataset_pieridae\375_Cunizza_hirlanda_serda.png,Cunizza hirlanda serda,Cunizza,- -  - - -
Dataset_pieridae.pdf,41,376,images\Dataset_pieridae\376_Cunizza_hirlanda_serda.png,Cunizza hirlanda serda,Cunizza,- -  - - -
Dataset_pieridae.pdf,42,377,images\Dataset_pieridae\377_Cunizza_hirlanda_serda.png,Cunizza hirlanda serda,Cunizza,Playa Guio San José del Guaviare | Guaviare - Amz
Dataset_pieridae.pdf,42,378,images\Dataset_pieridae\378_Ganyra_phaloe.png,Ganyra phaloe,Ganyra,200 m | Sinifaná - La Holanda Titiribí  Antioquia -
Dataset_pieridae.pdf,42,379,images\Dataset_pieridae\379_Glutophrissa_drusilla_drusilla.png,Glutophrissa drusilla drusilla,Glutophrissa,- -  - - -
Dataset_pieridae.pdf,42,380,images\Dataset_pieridae\380_Glutophrissa_drusilla_drusilla.png,Glutophrissa drusilla drusilla,Glutophrissa,- -  - - -
Dataset_pieridae.pdf,42,381,images\Dataset_pieridae\381_Glutophrissa_drusilla_drusilla.png,Glutophrissa drusilla drusilla,Glutophrissa,- -  - - -
Dataset_pieridae.pdf,42,382,images\Dataset_pieridae\382_Glutophrissa_drusilla_drusilla.png,Glutophrissa drusilla drusilla,Glutophrissa,- -  - - -
Dataset_pieridae.pdf,42,383,images\Dataset_pieridae\383_Hesperocharis_marchalii.png,Hesperocharis marchalii,Hesperocharis,Reserva La Romera Sabaneta  Antioquia - | Cce
Dataset_pieridae.pdf,42,384,images\Dataset_pieridae\384_Hesperocharis_marchalii.png,Hesperocharis marchalii,Hesperocharis,- -  - - -
Dataset_pieridae.pdf,42,385,images\Dataset_pieridae\385_Hesperocharis_marchalii.png,Hesperocharis marchalii,Hesperocharis,Carretera Montezuma - PNN Tatamá | Pueblo Rico  Risaralda - CocE
Dataset_pieridae.pdf,42,386,images\Dataset_pieridae\386_Hesperocharis_marchalii.png,Hesperocharis marchalii,Hesperocharis,Reserva La Romera Sabaneta  Antioquia - | Cce
Dataset_pieridae.pdf,42,387,images\Dataset_pieridae\387_Hesperocharis_marchalii.png,Hesperocharis marchalii,Hesperocharis,Reserva La Romera Sabaneta  Antioquia - | Cce
Dataset_pieridae.pdf,42,388,images\Dataset_pieridae\388_Hesperocharis_nera_nera.png,Hesperocharis nera nera,Hesperocharis,Municipio de Mitú Mitú  Vaupés - Amz
Dataset_pieridae.pdf,43,389,images\Dataset_pieridae\389_Hesperocharis_nera_nera.png,Hesperocharis nera nera,Hesperocharis,- -  - - -
Dataset_pieridae.pdf,43,390,images\Dataset_pieridae\390_Hesperocharis_nera_nera.png,Hesperocharis nera nera,Hesperocharis,Municipio de Mitú Mitú  Vaupés - Amz
Dataset_pieridae.pdf,43,391,images\Dataset_pieridae\391_Itaballia_demophile.png,Itaballia demophile,Itaballia,Reserva Rocamadre Toluviejo  Sucre - Car | 393
Dataset_pieridae.pdf,43,392,images\Dataset_pieridae\392_Itaballia_demophile.png,Itaballia demophile,Itaballia,Reserva Rocamadre Toluviejo  Sucre - Car
Dataset_pieridae.pdf,43,393,images\Dataset_pieridae\393_Itaballia_demophile.png,Itaballia demophile,Itaballia,320 m | - -  - - -
Dataset_pieridae.pdf,43,394,images\Dataset_pieridae\394_Itaballia_demophile.png,Itaballia demophile,Itaballia,- -  - - - | 396
Dataset_pieridae.pdf,43,395,images\Dataset_pieridae\395_Itaballia_demophile.png,Itaballia demophile,Itaballia,Golfo de Morrosquillo Tolú  Sucre - Car
Dataset_pieridae.pdf,43,396,images\Dataset_pieridae\396_Itaballia_demophile.png,Itaballia demophile,Itaballia,5 m | - -  - - -
Dataset_pieridae.pdf,43,397,images\Dataset_pieridae\397_Itaballia_demophile.png,Itaballia demophile,Itaballia,- -  - - - | 399
Dataset_pieridae.pdf,43,398,images\Dataset_pieridae\398_Itaballia_demophile_calydonia.png,Itaballia demophile calydonia,Itaballia,- -  - - -
Dataset_pieridae.pdf,43,399,images\Dataset_pieridae\399_Itaballia_demophile_calydonia.png,Itaballia demophile calydonia,Itaballia,- -  - - -
Dataset_pieridae.pdf,43,400,images\Dataset_pieridae\400_Itaballia_pandosia.png,Itaballia pandosia,Itaballia,- -  - - -
Dataset_pieridae.pdf,44,401,images\Dataset_pieridae\401_Itaballia_pandosia.png,Itaballia pandosia,Itaballia,- -  - - -
Dataset_pieridae.pdf,44,402,images\Dataset_pieridae\402_Itaballia_pandosia.png,Itaballia pandosia,Itaballia,320 m | - -  - - -
Dataset_pieridae.pdf,44,403,images\Dataset_pieridae\403_Itaballia_pandosia.png,Itaballia pandosia,Itaballia,Reserva Rocamadre Toluviejo  Sucre - Car | 405
Dataset_pieridae.pdf,44,404,images\Dataset_pieridae\404_Itaballia_pandosia_pisonis.png,Itaballia pandosia pisonis,Itaballia,Río Pepino Mocoa  Putumayo - CorE
Dataset_pieridae.pdf,44,405,images\Dataset_pieridae\405_Leodonta_dysoni.png,Leodonta dysoni,Leodonta,560 m | Santuario de F y F Otún Quimbaya
Dataset_pieridae.pdf,44,406,images\Dataset_pieridae\406_Leodonta_dysoni.png,Leodonta dysoni,Leodonta,1850 m | Reserva natural de las aves Arrierito
Dataset_pieridae.pdf,44,407,images\Dataset_pieridae\407_Leodonta_dysoni_batzebina.png,Leodonta dysoni batzebina,Leodonta,Santa Maria - La Almenara Santa María | Boyacá - Cor
Dataset_pieridae.pdf,44,408,images\Dataset_pieridae\408_Leodonta_dysoni_batzebina.png,Leodonta dysoni batzebina,Leodonta,Santa Maria - La Almenara Santa María | Boyacá - Cor
Dataset_pieridae.pdf,44,409,images\Dataset_pieridae\409_Leodonta_sp_jardin.png,Leodonta sp jardin,Leodonta,Municipio Jardín - Fundación Colibrí | Jardín  Antioquia - Cce
Dataset_pieridae.pdf,44,410,images\Dataset_pieridae\410_Leodonta_tellane_intermedia.png,Leodonta tellane intermedia,Leodonta,StaMaria - Sendero Hyka Quye Santa | María  Boyacá - Cor
Dataset_pieridae.pdf,44,411,images\Dataset_pieridae\411_Leodonta_tellane_intermedia.png,Leodonta tellane intermedia,Leodonta,Santuario de F y F Otún Quimbaya | Pereira  Risaralda - Cce
Dataset_pieridae.pdf,44,412,images\Dataset_pieridae\412_Leodonta_tellane_intermedia.png,Leodonta tellane intermedia,Leodonta,Carretera Montezuma - PNN Tatamá | Pueblo Rico  Risaralda - CocE
Dataset_pieridae.pdf,45,413,images\Dataset_pieridae\413_Leodonta_tellane_intermedia.png,Leodonta tellane intermedia,Leodonta,Santuario de F y F Otún Quimbaya | Pereira  Risaralda - Cce
Dataset_pieridae.pdf,45,414,images\Dataset_pieridae\414_Leodonta_tellane_intermedia.png,Leodonta tellane intermedia,Leodonta,Carretera Montezuma - PNN Tatamá | Pueblo Rico  Risaralda - CocE
Dataset_pieridae.pdf,45,415,images\Dataset_pieridae\415_Leodonta_tellane_intermedia.png,Leodonta tellane intermedia,Leodonta,StaMaria - Sendero Hyka Quye Santa | María  Boyacá - Cor
Dataset_pieridae.pdf,45,416,images\Dataset_pieridae\416_Leodonta_tellane_intermedia.png,Leodonta tellane intermedia,Leodonta,Santuario de F y F Otún Quimbaya | Pereira  Risaralda - Cce
Dataset_pieridae.pdf,45,417,images\Dataset_pieridae\417_Leodonta_zenobia_zenobia.png,Leodonta zenobia zenobia,Leodonta,- -  - - -
Dataset_pieridae.pdf,45,418,images\Dataset_pieridae\418_Leodonta_zenobia_zenobia.png,Leodonta zenobia zenobia,Leodonta,- -  - - -
Dataset_pieridae.pdf,45,419,images\Dataset_pieridae\419_Leptophobia_aripa_aripa.png,Leptophobia aripa aripa,Leptophobia,Carretera Montezuma - PNN Tatamá | Pueblo Rico  Risaralda - CocE
Dataset_pieridae.pdf,45,420,images\Dataset_pieridae\420_Leptophobia_aripa_aripa.png,Leptophobia aripa aripa,Leptophobia,Carretera Montezuma - PNN Tatamá | Pueblo Rico  Risaralda - CocE
Dataset_pieridae.pdf,45,421,images\Dataset_pieridae\421_Leptophobia_aripa_aripa.png,Leptophobia aripa aripa,Leptophobia,Carretera Montezuma - PNN Tatamá | Pueblo Rico  Risaralda - CocE
Dataset_pieridae.pdf,45,422,images\Dataset_pieridae\422_Leptophobia_aripa_aripa.png,Leptophobia aripa aripa,Leptophobia,Carretera Montezuma - PNN Tatamá | Pueblo Rico  Risaralda - CocE
Dataset_pieridae.pdf,45,423,images\Dataset_pieridae\423_Leptophobia_caesia_phanokia.png,Leptophobia caesia phanokia,Leptophobia,- -  - - -
Dataset_pieridae.pdf,45,424,images\Dataset_pieridae\424_Leptophobia_caesia_phanokia.png,Leptophobia caesia phanokia,Leptophobia,Reserva Las Tangaras El Carmen de | Atrato  Chocó - CocE
Dataset_pieridae.pdf,46,425,images\Dataset_pieridae\425_Leptophobia_caesia_phanokia.png,Leptophobia caesia phanokia,Leptophobia,Reserva Las Tangaras El Carmen de | Atrato  Chocó - CocE
Dataset_pieridae.pdf,46,426,images\Dataset_pieridae\426_Leptophobia_caesia_phanokia.png,Leptophobia caesia phanokia,Leptophobia,Carretera Montezuma - PNN Tatamá | Pueblo Rico  Risaralda - CocE
Dataset_pieridae.pdf,46,427,images\Dataset_pieridae\427_Leptophobia_caesia_phanokia.png,Leptophobia caesia phanokia,Leptophobia,Carretera Montezuma - PNN Tatamá | Pueblo Rico  Risaralda - CocE
Dataset_pieridae.pdf,46,428,images\Dataset_pieridae\428_Leptophobia_caesia_phanokia.png,Leptophobia caesia phanokia,Leptophobia,Reserva Las Tangaras El Carmen de | Atrato  Chocó - CocE
Dataset_pieridae.pdf,46,429,images\Dataset_pieridae\429_Leptophobia_caesia_phanokia.png,Leptophobia caesia phanokia,Leptophobia,Santuario de F y F Otún Quimbaya | Pereira  Risaralda - Cce
Dataset_pieridae.pdf,46,430,images\Dataset_pieridae\430_Leptophobia_caesia_phanokia.png,Leptophobia caesia phanokia,Leptophobia,Carretera Montezuma - PNN Tatamá | Pueblo Rico  Risaralda - CocE
Dataset_pieridae.pdf,46,431,images\Dataset_pieridae\431_Leptophobia_caesia_phanokia.png,Leptophobia caesia phanokia,Leptophobia,Carretera Montezuma - PNN Tatamá | Pueblo Rico  Risaralda - CocE
Dataset_pieridae.pdf,46,432,images\Dataset_pieridae\432_Leptophobia_caesia_phanokia.png,Leptophobia caesia phanokia,Leptophobia,Santuario de F y F Otún Quimbaya | Pereira  Risaralda - Cce
Dataset_pieridae.pdf,46,433,images\Dataset_pieridae\433_Leptophobia_cinerea_cinerea.png,Leptophobia cinerea cinerea,Leptophobia,Altos Florencia Florencia  Caquetá - Amz
Dataset_pieridae.pdf,46,434,images\Dataset_pieridae\434_Leptophobia_cinerea_cinerea.png,Leptophobia cinerea cinerea,Leptophobia,Altos Florencia Florencia  Caquetá - Amz | Mariposas de Colombia - ButterflyBase-JGJ
Dataset_pieridae.pdf,46,435,images\Dataset_pieridae\435_Leptophobia_eleone_denigrata.png,Leptophobia eleone denigrata,Leptophobia,- -  - - -
Dataset_pieridae.pdf,46,436,images\Dataset_pieridae\436_Leptophobia_eleone_denigrata.png,Leptophobia eleone denigrata,Leptophobia,- -  - - -
Dataset_pieridae.pdf,47,437,images\Dataset_pieridae\437_Leptophobia_eleone_eleone.png,Leptophobia eleone eleone,Leptophobia,Santuario de F y F Iguaque Villa de Leyva | Boyacá - Cor
Dataset_pieridae.pdf,47,438,images\Dataset_pieridae\438_Leptophobia_eleone_eleone.png,Leptophobia eleone eleone,Leptophobia,- -  - - -
Dataset_pieridae.pdf,47,439,images\Dataset_pieridae\439_Leptophobia_eleone_eleone.png,Leptophobia eleone eleone,Leptophobia,Santuario de F y F Iguaque Villa de Leyva | Boyacá - Cor
Dataset_pieridae.pdf,47,440,images\Dataset_pieridae\440_Leptophobia_eleone_eleone.png,Leptophobia eleone eleone,Leptophobia,- -  - - -
Dataset_pieridae.pdf,47,441,images\Dataset_pieridae\441_Leptophobia_eleone_eleone.png,Leptophobia eleone eleone,Leptophobia,San Felix - Las Antenas Bello  Antioquia - | Cce
Dataset_pieridae.pdf,47,442,images\Dataset_pieridae\442_Leptophobia_eleone_eleone.png,Leptophobia eleone eleone,Leptophobia,Santuario de F y F Iguaque Villa de Leyva | Boyacá - Cor
Dataset_pieridae.pdf,47,443,images\Dataset_pieridae\443_Leptophobia_eleusis_eleusis.png,Leptophobia eleusis eleusis,Leptophobia,- -  - - -
Dataset_pieridae.pdf,47,444,images\Dataset_pieridae\444_Leptophobia_eleusis_eleusis.png,Leptophobia eleusis eleusis,Leptophobia,Carretera Montezuma - PNN Tatamá | Pueblo Rico  Risaralda - CocE
Dataset_pieridae.pdf,47,445,images\Dataset_pieridae\445_Leptophobia_eleusis_eleusis.png,Leptophobia eleusis eleusis,Leptophobia,Carretera Montezuma - PNN Tatamá | Pueblo Rico  Risaralda - CocE
Dataset_pieridae.pdf,47,446,images\Dataset_pieridae\446_Leptophobia_eleusis_eleusis.png,Leptophobia eleusis eleusis,Leptophobia,- -  - - - | Mariposas de Colombia - ButterflyBase-JGJ
Dataset_pieridae.pdf,47,447,images\Dataset_pieridae\447_Leptophobia_eleusis_eleusis.png,Leptophobia eleusis eleusis,Leptophobia,Carretera Montezuma - PNN Tatamá | Pueblo Rico  Risaralda - CocE
Dataset_pieridae.pdf,47,448,images\Dataset_pieridae\448_Leptophobia_eleusis_eleusis.png,Leptophobia eleusis eleusis,Leptophobia,Carretera Montezuma - PNN Tatamá | Pueblo Rico  Risaralda - CocE
Dataset_pieridae.pdf,48,449,images\Dataset_pieridae\449_Leptophobia_gonzaga_sotara.png,Leptophobia gonzaga sotara,Leptophobia,- -  - - -
Dataset_pieridae.pdf,48,450,images\Dataset_pieridae\450_Leptophobia_helena_helena.png,Leptophobia helena helena,Leptophobia,- -  - - -
Dataset_pieridae.pdf,48,451,images\Dataset_pieridae\451_Leptophobia_helena_helena.png,Leptophobia helena helena,Leptophobia,Carretera Montezuma - PNN Tatamá | Pueblo Rico  Risaralda - CocE
Dataset_pieridae.pdf,48,452,images\Dataset_pieridae\452_Leptophobia_helena_helena.png,Leptophobia helena helena,Leptophobia,Carretera Montezuma - PNN Tatamá | Pueblo Rico  Risaralda - CocE
Dataset_pieridae.pdf,48,453,images\Dataset_pieridae\453_Leptophobia_helena_helena.png,Leptophobia helena helena,Leptophobia,Pueblito de San Jose Amagá  Antioquia - | CceO
Dataset_pieridae.pdf,48,454,images\Dataset_pieridae\454_Leptophobia_helena_helena.png,Leptophobia helena helena,Leptophobia,- -  - - -
Dataset_pieridae.pdf,48,455,images\Dataset_pieridae\455_Leptophobia_helena_helena.png,Leptophobia helena helena,Leptophobia,Pueblito de San Jose Amagá  Antioquia - | CceO
Dataset_pieridae.pdf,48,456,images\Dataset_pieridae\456_Leptophobia_helena_helena.png,Leptophobia helena helena,Leptophobia,Carretera Montezuma - PNN Tatamá | Pueblo Rico  Risaralda - CocE
Dataset_pieridae.pdf,48,457,images\Dataset_pieridae\457_Leptophobia_olympia_olympia.png,Leptophobia olympia olympia,Leptophobia,Carretera Caldas - Angelópolis | Angelópolis  Antioquia - Cce
Dataset_pieridae.pdf,48,458,images\Dataset_pieridae\458_Leptophobia_olympia_olympia.png,Leptophobia olympia olympia,Leptophobia,- -  - - - | Mariposas de Colombia - ButterflyBase-JGJ
Dataset_pieridae.pdf,48,459,images\Dataset_pieridae\459_Leptophobia_penthica_penthica.png,Leptophobia penthica penthica,Leptophobia,- -  - - -
Dataset_pieridae.pdf,48,460,images\Dataset_pieridae\460_Leptophobia_penthica_penthica.png,Leptophobia penthica penthica,Leptophobia,Reserva La Romera Sabaneta  Antioquia - | Cce
Dataset_pieridae.pdf,49,461,images\Dataset_pieridae\461_Leptophobia_penthica_penthica.png,Leptophobia penthica penthica,Leptophobia,Reserva La Romera Sabaneta  Antioquia - | Cce
Dataset_pieridae.pdf,49,462,images\Dataset_pieridae\462_Leptophobia_penthica_penthica.png,Leptophobia penthica penthica,Leptophobia,San Sebastian - Alto del Escobero Retiro | Antioquia - Cce
Dataset_pieridae.pdf,49,463,images\Dataset_pieridae\463_Leptophobia_penthica_penthica.png,Leptophobia penthica penthica,Leptophobia,- -  - - -
Dataset_pieridae.pdf,49,464,images\Dataset_pieridae\464_Leptophobia_philoma.png,Leptophobia philoma,Leptophobia,Reserva natural de las aves Arrierito | Antioqueño (Piha) Anorí  Antioquia - Cce
Dataset_pieridae.pdf,49,465,images\Dataset_pieridae\465_Leptophobia_philoma.png,Leptophobia philoma,Leptophobia,Reserva Las Tangaras El Carmen de | Atrato  Chocó - CocE
Dataset_pieridae.pdf,49,466,images\Dataset_pieridae\466_Leptophobia_pinara_pinara.png,Leptophobia pinara pinara,Leptophobia,- -  - - -
Dataset_pieridae.pdf,49,467,images\Dataset_pieridae\467_Leptophobia_pinara_pinara.png,Leptophobia pinara pinara,Leptophobia,- -  - - -
Dataset_pieridae.pdf,49,468,images\Dataset_pieridae\468_Leptophobia_pinara_pinara.png,Leptophobia pinara pinara,Leptophobia,- -  - - -
Dataset_pieridae.pdf,49,469,images\Dataset_pieridae\469_Leptophobia_smithii.png,Leptophobia smithii,Leptophobia,San Felix - Las Antenas Bello  Antioquia - | Cce
Dataset_pieridae.pdf,49,470,images\Dataset_pieridae\470_Leptophobia_sp_x_angelopolis.png,Leptophobia sp x angelopolis,Leptophobia,Carretera Caldas - Angelópolis | Angelópolis  Antioquia - Cce
Dataset_pieridae.pdf,49,471,images\Dataset_pieridae\471_Leptophobia_tovaria_pseudolympia.png,Leptophobia tovaria pseudolympia,Leptophobia,Santuario de F y F Otún Quimbaya | Pereira  Risaralda - Cce
Dataset_pieridae.pdf,49,472,images\Dataset_pieridae\472_Leptophobia_tovaria_pseudolympia.png,Leptophobia tovaria pseudolympia,Leptophobia,Santuario de F y F Otún Quimbaya | Pereira  Risaralda - Cce
Dataset_pieridae.pdf,50,473,images\Dataset_pieridae\473_Leptophobia_tovaria_pseudolympia.png,Leptophobia tovaria pseudolympia,Leptophobia,Carretera Montezuma - PNN Tatamá | Pueblo Rico  Risaralda - CocE
Dataset_pieridae.pdf,50,474,images\Dataset_pieridae\474_Leptophobia_tovaria_pseudolympia.png,Leptophobia tovaria pseudolympia,Leptophobia,Santuario de F y F Otún Quimbaya | Pereira  Risaralda - Cce
Dataset_pieridae.pdf,50,475,images\Dataset_pieridae\475_Leptophobia_tovaria_pseudolympia.png,Leptophobia tovaria pseudolympia,Leptophobia,Carretera Montezuma - PNN Tatamá | Pueblo Rico  Risaralda - CocE
Dataset_pieridae.pdf,50,476,images\Dataset_pieridae\476_Leptophobia_tovaria_subflavescens.png,Leptophobia tovaria subflavescens,Leptophobia,- -  - - -
Dataset_pieridae.pdf,50,477,images\Dataset_pieridae\477_Leptophobia_tovaria_subflavescens.png,Leptophobia tovaria subflavescens,Leptophobia,- -  - - -
Dataset_pieridae.pdf,50,478,images\Dataset_pieridae\478_Leptophobia_tovaria_subflavescens.png,Leptophobia tovaria subflavescens,Leptophobia,- -  - - -
Dataset_pieridae.pdf,50,479,images\Dataset_pieridae\479_Leptophobia_tovaria_subflavescens.png,Leptophobia tovaria subflavescens,Leptophobia,Santa María Santa María  Boyacá - CorE
Dataset_pieridae.pdf,50,480,images\Dataset_pieridae\480_Leptophobia_tovaria_subflavescens.png,Leptophobia tovaria subflavescens,Leptophobia,- -  - - -
Dataset_pieridae.pdf,50,481,images\Dataset_pieridae\481_Leptophobia_tovaria_subflavescens.png,Leptophobia tovaria subflavescens,Leptophobia,StaMaria - Sendero Hyka Quye Santa | María  Boyacá - Cor
Dataset_pieridae.pdf,50,482,images\Dataset_pieridae\482_Leptophobia_tovaria_subflavescens.png,Leptophobia tovaria subflavescens,Leptophobia,StaMaria - Sendero Hyka Quye Santa | María  Boyacá - Cor
Dataset_pieridae.pdf,50,483,images\Dataset_pieridae\483_Melete_leucadia.png,Melete leucadia,Melete,- -  - - -
Dataset_pieridae.pdf,50,484,images\Dataset_pieridae\484_Melete_leucanthe_leucanthe.png,Melete leucanthe leucanthe,Melete,- -  - - -
Dataset_pieridae.pdf,51,485,images\Dataset_pieridae\485_Melete_leucanthe_leucanthe.png,Melete leucanthe leucanthe,Melete,- -  - - -
Dataset_pieridae.pdf,51,486,images\Dataset_pieridae\486_Melete_leucanthe_leucanthe.png,Melete leucanthe leucanthe,Melete,- -  - - -
Dataset_pieridae.pdf,51,487,images\Dataset_pieridae\487_Melete_leucanthe_leucanthe.png,Melete leucanthe leucanthe,Melete,- -  - - -
Dataset_pieridae.pdf,51,488,images\Dataset_pieridae\488_Melete_leucanthe_leucanthe.png,Melete leucanthe leucanthe,Melete,Santa María Santa María  Boyacá - CorE
Dataset_pieridae.pdf,51,489,images\Dataset_pieridae\489_Melete_leucanthe_veronica.png,Melete leucanthe veronica,Melete,- -  - - -
Dataset_pieridae.pdf,51,490,images\Dataset_pieridae\490_Melete_leucanthe_veronica.png,Melete leucanthe veronica,Melete,Carretera Montezuma - PNN Tatamá | Pueblo Rico  Risaralda - CocE
Dataset_pieridae.pdf,51,491,images\Dataset_pieridae\491_Melete_leucanthe_veronica.png,Melete leucanthe veronica,Melete,- -  - - -
Dataset_pieridae.pdf,51,492,images\Dataset_pieridae\492_Melete_leucanthe_veronica.png,Melete leucanthe veronica,Melete,Reserva natural de las aves Arrierito | Antioqueño (Piha) Anorí  Antioquia - Cce
Dataset_pieridae.pdf,51,493,images\Dataset_pieridae\493_Melete_leucanthe_veronica.png,Melete leucanthe veronica,Melete,Carretera Montezuma - PNN Tatamá | Pueblo Rico  Risaralda - CocE
Dataset_pieridae.pdf,51,494,images\Dataset_pieridae\494_Melete_leucanthe_veronica.png,Melete leucanthe veronica,Melete,Carretera Montezuma - PNN Tatamá | Pueblo Rico  Risaralda - CocE
Dataset_pieridae.pdf,51,495,images\Dataset_pieridae\495_Melete_leucanthe_veronica.png,Melete leucanthe veronica,Melete,Carretera Montezuma - PNN Tatamá | Pueblo Rico  Risaralda - CocE
Dataset_pieridae.pdf,51,496,images\Dataset_pieridae\496_Melete_leucanthe_veronica.png,Melete leucanthe veronica,Melete,- -  - - -
Dataset_pieridae.pdf,52,497,images\Dataset_pieridae\497_Melete_lycimnia_eurymnia.png,Melete lycimnia eurymnia,Melete,- -  - - -
Dataset_pieridae.pdf,52,498,images\Dataset_pieridae\498_Melete_lycimnia_eurymnia.png,Melete lycimnia eurymnia,Melete,- -  - - -
Dataset_pieridae.pdf,52,499,images\Dataset_pieridae\499_Melete_lycimnia_eurymnia.png,Melete lycimnia eurymnia,Melete,Municipio de Mitú Mitú  Vaupés - Amz
Dataset_pieridae.pdf,52,500,images\Dataset_pieridae\500_Melete_lycimnia_reducta.png,Melete lycimnia reducta,Melete,- -  - - -
Dataset_pieridae.pdf,52,501,images\Dataset_pieridae\501_Melete_lycimnia_reducta.png,Melete lycimnia reducta,Melete,Humedal La Bramadora Sopetrán | Antioquia - CceO
Dataset_pieridae.pdf,52,502,images\Dataset_pieridae\502_Melete_lycimnia_reducta.png,Melete lycimnia reducta,Melete,Humedal La Bramadora Sopetrán | Antioquia - CceO
Dataset_pieridae.pdf,52,503,images\Dataset_pieridae\503_Melete_lycimnia_reducta.png,Melete lycimnia reducta,Melete,Sinifaná - La Holanda Titiribí  Antioquia - | CceO
Dataset_pieridae.pdf,52,504,images\Dataset_pieridae\504_Melete_lycimnia_reducta.png,Melete lycimnia reducta,Melete,- -  - - -
Dataset_pieridae.pdf,52,505,images\Dataset_pieridae\505_Melete_lycimnia_reducta.png,Melete lycimnia reducta,Melete,- -  - - -
Dataset_pieridae.pdf,52,506,images\Dataset_pieridae\506_Melete_polyhymnia_polyhymnia.png,Melete polyhymnia polyhymnia,Melete,- -  - - -
Dataset_pieridae.pdf,52,507,images\Dataset_pieridae\507_Melete_polyhymnia_polyhymnia.png,Melete polyhymnia polyhymnia,Melete,- -  - - -
Dataset_pieridae.pdf,52,508,images\Dataset_pieridae\508_Nathalis_plauta.png,Nathalis plauta,Nathalis,Reserva Paz y Flora Guasca | Cundinamarca - -
Dataset_pieridae.pdf,53,509,images\Dataset_pieridae\509_Pereute_callinice_callinice.png,Pereute callinice callinice,Pereute,Municipio Jardín - Fundación Colibrí | Jardín  Antioquia - Cce
Dataset_pieridae.pdf,53,510,images\Dataset_pieridae\510_Pereute_callinice_callinice.png,Pereute callinice callinice,Pereute,Municipio Jardín - Fundación Colibrí | Jardín  Antioquia - Cce
Dataset_pieridae.pdf,53,511,images\Dataset_pieridae\511_Pereute_charops_charops.png,Pereute charops charops,Pereute,Vereda Paso Nivel - Finca Zanzibar | Amagá  Antioquia - Cce
Dataset_pieridae.pdf,53,512,images\Dataset_pieridae\512_Pereute_charops_charops.png,Pereute charops charops,Pereute,Pueblito de San Jose Amagá  Antioquia - | CceO
Dataset_pieridae.pdf,53,513,images\Dataset_pieridae\513_Pereute_charops_charops.png,Pereute charops charops,Pereute,Vereda Paso Nivel - Finca Zanzibar | Amagá  Antioquia - Cce
Dataset_pieridae.pdf,53,514,images\Dataset_pieridae\514_Pereute_charops_charops.png,Pereute charops charops,Pereute,Vereda Paso Nivel - Finca Zanzibar | Amagá  Antioquia - Cce
Dataset_pieridae.pdf,53,515,images\Dataset_pieridae\515_Pereute_charops_charops.png,Pereute charops charops,Pereute,Pueblito de San Jose Amagá  Antioquia - | CceO
Dataset_pieridae.pdf,53,516,images\Dataset_pieridae\516_Pereute_charops_charops.png,Pereute charops charops,Pereute,Rincones de Monticello Medellín | Antioquia - Cce
Dataset_pieridae.pdf,53,517,images\Dataset_pieridae\517_Pereute_leucodrosime_leucodrosime.png,Pereute leucodrosime leucodrosime,Pereute,Carretera Montezuma - PNN Tatamá | Pueblo Rico  Risaralda - CocE
Dataset_pieridae.pdf,53,518,images\Dataset_pieridae\518_Pereute_leucodrosime_leucodrosime.png,Pereute leucodrosime leucodrosime,Pereute,- -  - - - | Mariposas de Colombia - ButterflyBase-JGJ
Dataset_pieridae.pdf,53,519,images\Dataset_pieridae\519_Pereute_leucodrosime_leucodrosime.png,Pereute leucodrosime leucodrosime,Pereute,- -  - - -
Dataset_pieridae.pdf,53,520,images\Dataset_pieridae\520_Pereute_leucodrosime_leucodrosime.png,Pereute leucodrosime leucodrosime,Pereute,- -  - - -
Dataset_pieridae.pdf,54,521,images\Dataset_pieridae\521_Pereute_leucodrosime_leucodrosime.png,Pereute leucodrosime leucodrosime,Pereute,Carretera Montezuma - PNN Tatamá | Pueblo Rico  Risaralda - CocE
Dataset_pieridae.pdf,54,522,images\Dataset_pieridae\522_Perrhybris_lorena_lorena.png,Perrhybris lorena lorena,Perrhybris,- -  - - -
Dataset_pieridae.pdf,54,523,images\Dataset_pieridae\523_Perrhybris_lorena_lorena.png,Perrhybris lorena lorena,Perrhybris,Santa María Santa María  Boyacá - CorE
Dataset_pieridae.pdf,54,524,images\Dataset_pieridae\524_Perrhybris_lorena_lorena.png,Perrhybris lorena lorena,Perrhybris,Altos Florencia Florencia  Caquetá - Amz
Dataset_pieridae.pdf,54,525,images\Dataset_pieridae\525_Perrhybris_lorena_lorena.png,Perrhybris lorena lorena,Perrhybris,Altos Florencia Florencia  Caquetá - Amz
Dataset_pieridae.pdf,54,526,images\Dataset_pieridae\526_Perrhybris_lorena_lorena.png,Perrhybris lorena lorena,Perrhybris,Altos Florencia Florencia  Caquetá - Amz
Dataset_pieridae.pdf,54,527,images\Dataset_pieridae\527_Perrhybris_lorena_lorena.png,Perrhybris lorena lorena,Perrhybris,Río Pepino Mocoa  Putumayo - CorE
Dataset_pieridae.pdf,54,528,images\Dataset_pieridae\528_Perrhybris_pamela.png,Perrhybris pamela,Perrhybris,560 m | Sinifaná - La Holanda Titiribí  Antioquia -
Dataset_pieridae.pdf,54,529,images\Dataset_pieridae\529_Perrhybris_pamela.png,Perrhybris pamela,Perrhybris,700 m | Piscicola el Gaitero Sopetrán  Antioquia -
Dataset_pieridae.pdf,54,530,images\Dataset_pieridae\530_Perrhybris_pamela.png,Perrhybris pamela,Perrhybris,Varias Guaviare San José del Guaviare | Guaviare - Amz
Dataset_pieridae.pdf,54,531,images\Dataset_pieridae\531_Perrhybris_pamela_bogotana.png,Perrhybris pamela bogotana,Perrhybris,Reserva Rocamadre Toluviejo  Sucre - Car
Dataset_pieridae.pdf,54,532,images\Dataset_pieridae\532_Perrhybris_pamela_glessaria.png,Perrhybris pamela glessaria,Perrhybris,Municipio de Mitú Mitú  Vaupés - Amz
Dataset_pieridae.pdf,55,533,images\Dataset_pieridae\533_Tatochila_xanthodice_xanthodice.png,Tatochila xanthodice xanthodice,Tatochila,- -  - - -
Dataset_pieridae.pdf,55,534,images\Dataset_pieridae\534_Tatochila_xanthodice_xanthodice.png,Tatochila xanthodice xanthodice,Tatochila,- -  - - -
